단어,점수
가까스로,0.0
가까이하다,1.0
가꾸러뜨리다,-1.0
가꾸러트리다,-1.0
가난,-2.0
가난뱅이,-2.0
가난살이,-2.0
가난살이하다,-2.0
가난설음,-2.0
가난에,-2.0
가난하게,-2.0
가난하고,-2.0
가난하다,-2.0
가난하여,-2.0
가난한,-2.0
가난히,-2.0
가년스럽다,-2.0
가념하다,-1.0
가녕스럽다,-2.0
가능하다,2.0
가닐가닐하다,-1.0
가다듬어,1.0
가당찮다,-2.0
가당찮이,-2.0
가당히,1.0
가두거나,-1.0
가드올려,-1.0
가뜬하게,1.0
가라앉다,0.0
가래,-1.0
가래가,-1.0
가량맞고,-1.0
가려운,-1.0
가련하게,-1.0
가련한,-1.0
가렵고,-1.0
가로막아서,-1.0
가로채서,-1.0
가로채어,-1.0
가르치며,1.0
가르침,1.0
가마득하다,-1.0
가볍게,-1.0
가볍고,1.0
가분가분,1.0
가분히,1.0
가뿐가뿐,1.0
가뿐가뿐하다,1.0
가뿐가뿐히,1.0
가뿐하게,1.0
가뿐하다,1.0
가뿐한,1.0
가뿐히,1.0
가쁘게,-1.0
가쁘고,-1.0
가쁜,-1.0
가살스럽다,-1.0
가소롭게,-1.0
가소롭다,-1.0
가슴앓이,-2.0
가슴앓이하다,-2.0
가엽다,-1.0
가엾게,-1.0
가엾고,-1.0
가엾다,-1.0
가위눌리다,-1.0
가증맞다,-1.0
가증스럽다,-1.0
가지런하다,1.0
가짜,-2.0
가치,1.0
가치가,1.0
가치없는,-2.0
가치있는,1.0
가치작거리는,-1.0
가탈스럽다,-1.0
가혹하게,-2.0
각별나다,1.0
각별하다,1.0
간드러진,2.0
간사스럽게,-1.0
간사하고,-1.0
간사하다,-1.0
간사한,-1.0
간섭받고,-1.0
간섭하거나,-1.0
간섭하고,-1.0
간섭하다,-1.0
간섭하여,-1.0
간절하다,2.0
간지러워서,-1.0
간지럽게,-1.0
간지럽고,-1.0
간직하다,1.0
간질,-1.0
간질간질하다,-1.0
간질간질한,-1.0
간편하거나,2.0
간편하다,2.0
갈강병균이,-1.0
갈라서다,-1.0
갈색굳음병,-1.0
갈팡질팡,-1.0
갈팡질팡하다,-1.0
갈팡질팡하며,-1.0
감각적이다,1.0
감감히,-1.0
감개무량하다,2.0
감격,2.0
감격성,2.0
감격스럽다,2.0
감격스레,2.0
감격이,2.0
감격적,2.0
감격하다,2.0
감격하여,2.0
감금하여,-2.0
감기,-1.0
감기가,-1.0
감기나,-1.0
감기로,-1.0
감당하다,1.0
감동,2.0
감동시킬,1.0
감동이,2.0
감동이나,2.0
감동하는,2.0
감동하다,2.0
감동하여,2.0
감동함,2.0
감명되다,2.0
감명적,2.0
감명하다,2.0
감모,1.0
감미롭다,2.0
감병,-1.0
감복하다,2.0
감복하여,2.0
감사,2.0
감사하는,2.0
감사하다,2.0
감싸고,1.0
감옥,-1.0
감옥에,-1.0
감탄,2.0
감탄스러울,2.0
감탄스럽다,2.0
감탄적으로,2.0
감탄하다,2.0
감탄할,2.0
갑갑궁금하다,-1.0
갑갑하다,-1.0
갑갑한,-1.0
갑갑할,-1.0
갑분띠,-1.0
갑분싸,-1.0
값진,2.0
강간죄,-2.0
강개무량,-2.0
강개무량하다,-2.0
강구하다,0.0
강도가,-1.0
강등하여,-1.0
강렬하게,1.0
강박,-1.0
강박하여,-1.0
강세,1.0
강인하다,1.0
강인한,2.0
강제로,-1.0
강제적으로,-2.0
강추,2.0
강탈,-2.0
강탈하다,-2.0
강퇴,-1.0
강하게,1.0
강하고,1.0
강하다,1.0
강화하다,1.0
갖추다,1.0
같잖다,-1.0
같잖아서,-1.0
같잖은,-1.0
개선,2.0
개선하고,1.0
개선하다,2.0
개선함,2.0
개성,1.0
개성있는,1.0
개성있다,1.0
개운하게,2.0
개운하고,2.0
개운하다,2.0
개으름을,-1.0
개이득,2.0
개짓하다,-2.0
개회하다,0.0
갠소,1.0
갸륵한,1.0
갸름하다,1.0
거꾸러뜨리다,-1.0
거드럭거드럭,-1.0
거드럭거리다,-1.0
거들먹거들먹,-1.0
거들먹거들먹하다,-1.0
거들먹거리다,-1.0
거들먹대다,-1.0
거들먹이다,-1.0
거뜬하다,2.0
거룩한,2.0
거리끼어,-1.0
거만스럽게,-2.0
거만을,-2.0
거만하게,-2.0
거만하고,-2.0
거만하다,-2.0
거만한,-1.0
거부감,-2.0
거부하거나,-2.0
거부하다,-1.0
거북스럽게,-2.0
거북하거나,-2.0
거북하게,-2.0
거북하고,-2.0
거북하다,-2.0
거북한,-2.0
거북할,-2.0
거세고,-1.0
거슬려,-1.0
거슬리거나,-1.0
거슬리게,-1.0
거슬리는,-1.0
거슬리다,-1.0
거역하다,-1.0
거역함,-1.0
거절하거나,-2.0
거절하다,-2.0
거짓,-2.0
거짓말,-2.0
거짓말을,-1.0
거짓없다,1.0
거짓으로,-1.0
거짓이나,-1.0
거추장스러워서,-1.0
거추장스럽거나,-1.0
거추장스럽게,-1.0
거추장스럽다,-1.0
거추장스레,-1.0
거치적거리는,-1.0
거치적거치적,-1.0
거치적거치적하다,-1.0
거친,-2.0
거칠게,-2.0
거칠고,-2.0
거칠다,-2.0
거칠면서,-2.0
거칠어져,-2.0
거침없이,1.0
걱정,-2.0
걱정거리,-1.0
걱정과,-1.0
걱정되거나,-1.0
걱정스러워서,-1.0
걱정스럽거나,-1.0
걱정스럽다,-1.0
걱정으로,-1.0
걱정을,-1.0
걱정이,-1.0
걱정이나,-1.0
걱정하기는,-1.0
걱정하는,-1.0
걱정하다,-1.0
건강하고,2.0
건강하다,2.0
건강하여,2.0
건강한,2.0
건달처럼,-1.0
건둥건둥,1.0
건둥건둥하다,1.0
건둥반둥하다,-1.0
건들거리고,-1.0
건들건들,-1.0
건들대다,-1.0
건망증이,-1.0
건방져,-2.0
건방지게,-2.0
건방지네,-2.0
건방지다,-2.0
건방지며,-2.0
건방진,-1.0
건방짐,-2.0
건성으로,-1.0
건장하다,2.0
건장한,2.0
건전하고,2.0
건전한,2.0
건전함,2.0
건정히,2.0
걸리거나,-1.0
걸리다,-1.0
걸리적대다,-1.0
걸핏하면,-1.0
검소하다,1.0
검소한,2.0
겁나게,-1.0
겁나다,-1.0
겁내다,-1.0
겁에,-1.0
겁을,-1.0
겁쟁이,-2.0
겉치레,-1.0
게걸스럽게,-2.0
게우는,-1.0
게울,-1.0
게워,-1.0
게으르거나,-1.0
게으르게,-1.0
게으르고,-1.0
게으르다,-1.0
게으름,-1.0
게으름을,-1.0
게으름이,-1.0
게으름이나,-1.0
게을러빠지다,-2.0
게을러터지다,-2.0
겐트위한,-1.0
겨우겨우,-1.0
겨운,-1.0
격노,-2.0
격노하다,-2.0
격동시키다,0.0
격려되다,1.0
격려하다,1.0
격분,-2.0
격분하다,-2.0
격하게,-2.0
격하다,0.0
격하시키다,-2.0
격한,-2.0
견고하다,1.0
결기가,-1.0
결딴날,-2.0
결막염,-1.0
결석,-2.0
결석하다,-2.0
결점,-1.0
결핍,-2.0
결핍증,-2.0
결함,-1.0
결함을,-1.0
결함이나,-1.0
결핵,-1.0
겸손하게,1.0
겸손하고,1.0
겸손하다,2.0
겸손한,2.0
겸연쩍고,-1.0
겸연쩍다,-1.0
겹거나,-2.0
겹게,-2.0
경건하다,2.0
경건한,1.0
경련,-1.0
경련이,-1.0
경망스러우며,-1.0
경망스러운,-1.0
경망스럽게,-1.0
경망스럽고,-1.0
경망스럽다,-2.0
경망하게,-1.0
경망한,-1.0
경멸,-2.0
경멸하다,-2.0
경멸히,-2.0
경박스럽게,-1.0
경박하게,-1.0
경박하다,-1.0
경박한,-1.0
경사스러운,2.0
경상,-2.0
경솔하게,-1.0
경솔하고,-1.0
경솔하다,-1.0
경솔한,-1.0
경이로운,2.0
경이롭다,2.0
경쾌하다,2.0
고귀한,2.0
고급,2.0
고급스럽다,2.0
고급지다,2.0
고까워하는,-1.0
고난,-2.0
고단하다,-2.0
고단하여,-2.0
고달프다,-2.0
고도화,-2.0
고도화되다,-2.0
고되다,-2.0
고르고,2.0
고르다,2.0
고름,-1.0
고름집,-1.0
고리게,-1.0
고마운,2.0
고마움,2.0
고마움을,2.0
고마워하다,2.0
고맙게,2.0
고맙다,2.0
고백,2.0
고부라지거나,0.0
고분고분하게,2.0
고분고분하고,2.0
고분고분하다,2.0
고비를,-1.0
고상하고,1.0
고상하다,2.0
고상한,2.0
고생스러운,-2.0
고생을,-1.0
고생이나,-1.0
고생하거나,-1.0
고생하다,-1.0
고성능,2.0
고약하게,-2.0
고약하다,-2.0
고약함,-2.0
고약해서,-2.0
고열,-1.0
고요하게,1.0
고요하고,1.0
고요함,1.0
고요해짐,1.0
고운,2.0
고움,2.0
고자질함,-1.0
고작,-1.0
고장나다,-1.0
고지혈증,-1.0
고질병,-1.0
고집,-1.0
고집스레,-1.0
고집을,-1.0
고집이,-1.0
고쳐,1.0
고충,-2.0
고치다,1.0
고타분히,-1.0
고통,-2.0
고통스러운,-2.0
고통스럽거나,-2.0
고통스럽게,-2.0
고통스럽다,-2.0
고통을,-2.0
고통이,-2.0
고통이나,-2.0
고통이라는,-2.0
고품질,2.0
고한,-2.0
고함,-1.0
고혈압,-1.0
곤궁하고,-2.0
곤궁하다,-2.0
곤궁하여,-1.0
곤궁함,-1.0
곤란에,-1.0
곤란이나,-1.0
곤란하게,-1.0
곤란하다,-1.0
곤란한,-1.0
곤혹스러운,-2.0
곤혹스럽다,-2.0
곧게,1.0
곧고,1.0
곧다,1.0
골나다,-2.0
골똘하게,0.0
골리는,-2.0
곪느라고,-1.0
곯리거나,-1.0
곯아서,-1.0
곯은,-1.0
곰팡내,-1.0
곰팡이,-2.0
곱거나,2.0
곱게,2.0
곱고,2.0
곱다,2.0
곱살스러우면서도,2.0
곱살스럽게,2.0
곱살스레,2.0
곱실대다,-1.0
공갈,-1.0
공격받다,-2.0
공격하다,0.0
공경의,2.0
공경하는,2.0
공경하다,2.0
공경하며,2.0
공경하여,2.0
공경할,2.0
공교롭고,-1.0
공덕으로,2.0
공덕을,2.0
공로에,1.0
공로와,1.0
공범자에,-1.0
공손하게,2.0
공손하다,1.0
공손함을,2.0
공손히,2.0
공연한,-1.0
공연히,-1.0
공익을,2.0
공적의,0.0
공정하다,2.0
공정하여,2.0
공정한,1.0
공정함,2.0
공평하다,1.0
공평하여,1.0
공평함,1.0
공포,-2.0
공포나,-1.0
공포증,-2.0
공허하다,-1.0
공허한,-1.0
공황상태,-1.0
공황장애,-1.0
과격하다,-1.0
과격한,-1.0
과금,-1.0
과대망상에,-1.0
과도하게,-1.0
과로,-1.0
과로로,-1.0
과식을,-1.0
과음,-2.0
과음하거나,-1.0
과장되다,-2.0
과장되어,-1.0
과장된,-2.0
과체중,-2.0
과하다,-1.0
관계없는,-1.0
관능적이다,1.0
관심병,-1.0
관심이나,1.0
관절염,-2.0
괄시,-2.0
괄시하다,-2.0
광견병을,-1.0
광명이,2.0
광탈,-1.0
괘씸하고,-1.0
괘씸한,-2.0
괜찮거나,1.0
괜찮고,1.0
괜찮다,1.0
괴로운,-2.0
괴로울,-2.0
괴로움,-2.0
괴로움과,-2.0
괴로움을,-2.0
괴로움이나,-2.0
괴로워,-2.0
괴로워하는,-2.0
괴로워하다,-2.0
괴로워하며,-2.0
괴롭거나,-2.0
괴롭게,-2.0
괴롭고,-2.0
괴롭다,-2.0
괴롭히거나,-2.0
괴롭히는,-2.0
괴롭히다,-2.0
괴멸,-2.0
괴멸되다,-2.0
괴멸하다,-2.0
괴물,-1.0
괴사가,-2.0
괴상하고,-2.0
괴상한,-2.0
괴이쩍게,-1.0
괴이하게,-2.0
굉장하게,2.0
굉장하다,2.0
교관하다,0.0
교만하게,-1.0
교만하고,-1.0
교만하다,-1.0
교만하여,-1.0
교만함,-1.0
교묘하게,1.0
교묘하고,-1.0
교묘하다,-1.0
교양,1.0
교양과,1.0
교육적인,1.0
교화하고,1.0
교활하고,-1.0
교활한,-1.0
교훈,1.0
구두쇠처럼,-1.0
구리게,-1.0
구박하거나,-1.0
구성지고,1.0
구속하다,-1.0
구속함,-1.0
구슬퍼질,-1.0
구슬프고,-1.0
구슬프다,-1.0
구슬피,-1.0
구역날,-2.0
구역질,-2.0
구역질나는,-2.0
구역질나다,-2.0
구역질을,-2.0
구역질이,-2.0
구역질하다,-2.0
구원하다,1.0
구원한,1.0
구제함,1.0
구차스러운,-2.0
구차스럽게,-2.0
구차하여,-2.0
구토,-1.0
구토를,-1.0
군색함,-1.0
군소리를,-1.0
굳게,1.0
굳세거나,2.0
굳세게,2.0
굳세고,2.0
굳세다,2.0
굳어지다,-1.0
굳은,0.0
굴복시킴,-1.0
굴욕,-2.0
굴욕감,-2.0
굴욕을,-2.0
굴욕적,-2.0
굶는,-1.0
굶다,-1.0
굶주려서,-1.0
굶주리고,-1.0
굶주리다,-1.0
굶주린,-1.0
굼뜨게,-1.0
굼뜨고,-1.0
굼뜨다,-1.0
굽신,-2.0
굽신거리다,-2.0
굽신굽신,-2.0
굽신굽신하다,-2.0
굽신대다,-2.0
굽신하다,-2.0
굽실,-2.0
굽실거리다,-2.0
굽실굽실,-2.0
굽실굽실하다,-2.0
굽실대다,-2.0
굽실하다,-2.0
궁상스러운,-2.0
궁상스럽다,-2.0
궁색하게,-2.0
궁색하다,-2.0
궁색하여,-2.0
궁핍하다,-2.0
궁핍히,-2.0
궁하고,-2.0
궁하다,-2.0
궂게,-1.0
궂다,-1.0
권태,-1.0
권태감,-1.0
권태기,-1.0
권태로이,-1.0
권태롭다,-1.0
권태를,-1.0
궐기할,1.0
귀머거리,-1.0
귀먹은,-1.0
귀여운,2.0
귀여워하거나,2.0
귀여워하다,2.0
귀여워할,2.0
귀염성,2.0
귀염성스럽다,2.0
귀염성스레,2.0
귀염을,2.0
귀엽게,2.0
귀엽고,2.0
귀엽다,2.0
귀엽도록,2.0
귀요미,2.0
귀중하게,2.0
귀중하다,2.0
귀중한,2.0
귀중히,2.0
귀차니즘,-1.0
귀찮거나,-1.0
귀찮게,-1.0
귀찮고,-1.0
귀찮다,-1.0
귀찮아하도록,-1.0
귀찮으면서도,-1.0
귀찮은,-2.0
귀찮을,-1.0
귀찮음,-1.0
귀하게,2.0
귀하고,2.0
귀하다,2.0
귀하며,2.0
귀한,2.0
균의,-1.0
그러하다,1.0
그럴듯하다,1.0
그럴싸하다,1.0
그르치다,-1.0
그른,-2.0
그릇되거나,-2.0
그릇되게,-2.0
그릇되다,-2.0
그릇된,-2.0
그리운,1.0
그리움,1.0
그리웁다,1.0
그리워지다,1.0
그리워하거나,1.0
그리워하다,1.0
그리워함,1.0
그린라이트,2.0
그립다,1.0
그만두게,-1.0
그만두다,-1.0
그만두어,-1.0
그윽하고,1.0
극락,1.0
극복하고,1.0
극복하다,1.0
극성맞게,-1.0
극성맞다,-1.0
극진하게,2.0
극진하다,2.0
극혐,-2.0
근사하다,2.0
근심,-1.0
근심과,-1.0
근심스럽거나,-1.0
근심스럽고,-1.0
근심으로,-1.0
근심이,-1.0
근심이나,-1.0
근심하거나,-1.0
근심하고,-1.0
근심하는,-1.0
근심하다,-1.0
근심하며,-1.0
근심함,-1.0
근심함을,-1.0
근지럽고,-1.0
근질근질하다,-1.0
근하다,2.0
긁어,0.0
금사빠,-1.0
금지되다,-2.0
금지하려,-2.0
금지함,-2.0
급하게,-1.0
급하고,-1.0
급하다,-1.0
긍가하다,2.0
긍정,1.0
긍정적,1.0
긍정적으로,2.0
긍정적이고,2.0
긍정적인,2.0
긍정하는,2.0
긍정할,2.0
긍지,2.0
긍지를,2.0
기관지염,-1.0
기대,1.0
기대가,1.0
기대되는,2.0
기대된다,1.0
기대하다,1.0
기리어,1.0
기막히다,1.0
기만하다,-2.0
기모띠,1.0
기미하다,2.0
기부하다,1.0
기뻐,2.0
기뻐서,2.0
기뻐하고,2.0
기뻐하는,2.0
기뻐하다,2.0
기뻐함과,2.0
기쁘거나,2.0
기쁘게,2.0
기쁘고,2.0
기쁘다,2.0
기쁜,2.0
기쁨,2.0
기쁨과,2.0
기쁨을,2.0
기쁨이나,2.0
기운차게,2.0
기운차고,2.0
기운차다,2.0
기절하듯이,-2.0
기절할,-2.0
기죽다,-2.0
기침,-1.0
기침을,-1.0
기침이,-1.0
기특하고,2.0
기풍,1.0
기피되어,-1.0
기피하여,-1.0
기형으로,-1.0
기회주의적이고,-1.0
긴장되고,-1.0
긴장되다,-1.0
긴장이나,-1.0
긴장하거나,-1.0
긴장하다,-1.0
긴장하여,-1.0
긴절하다,0.0
긴절히,0.0
길막,-1.0
길미,1.0
까꾸러트리다,-1.0
까다로운,-1.0
까다로워,-1.0
까다로이,-1.0
까다롭게,-1.0
까다롭고,-1.0
까다롭다,-1.0
까마득하다,-2.0
까마아득하게,-2.0
까무러질,-2.0
까무러쳐,-1.0
까무러칠,-2.0
까무스름하다,-1.0
까부는,-1.0
까불거나,-1.0
까불까불하고,-1.0
까불다,-1.0
까불며,-1.0
까불어,-1.0
까불어서,-1.0
까비,-1.0
까칠하거나,-1.0
까칠하게,-1.0
까칠하다,-1.0
까탈이,-1.0
깍아내리다,-1.0
깎아내려,-1.0
깎아내리기,-1.0
깎아내리려,-1.0
깐깐하고,-1.0
깐깐하다,-1.0
깐작깐작하고,-1.0
깐죽대다,-1.0
깔깔하며,-1.0
깔깔한,-1.0
깔끄럽게,-1.0
깔끔하게,2.0
깔끔하다,2.0
깔끔한,2.0
깔끔해지다,2.0
깔보면서,-1.0
깔보아,-1.0
깔봄,-1.0
깜놀,-1.0
깜찍하게,1.0
깜찍하고,1.0
깜찍하다,1.0
깜찍하면서도,1.0
깨갱대다,-1.0
깨끗이,1.0
깨끗하게,1.0
깨끗하고,2.0
깨끗하다,2.0
깨끗하다는,2.0
깨끗하며,2.0
깨끗하여,2.0
깨끗한,2.0
깨닫거나,1.0
깨닫게,1.0
깨닫고자,1.0
깨닫는,1.0
깨닫다,1.0
깨달아,1.0
깨달음,1.0
깨달음을,1.0
깨달음의,1.0
깨뜨리다,-1.0
깨알같다,1.0
깨어지거나,-1.0
깨어지다,-1.0
깨우쳐,1.0
깨지다,-1.0
깨진,-1.0
깽깽대다,-1.0
꺼꾸러트리다,-1.0
꺼덕거리다,-1.0
꺼덕대다,-1.0
꺼덕이다,-1.0
꺼려지거나,-2.0
꺼리는,-2.0
꺼리다,-2.0
꺼리어,-2.0
꺼린다,-2.0
꺼림,-2.0
꺼림칙하고,-2.0
꺼림칙하여,-2.0
꺼림칙해,-2.0
꺼먹대다,-1.0
꺼부는,-1.0
꺼부러져,-1.0
꺼불거리고,-1.0
꺼불대다,-1.0
꺼칠하게,-1.0
꺼칠하다,-1.0
꺾이다,-1.0
꺾임,-1.0
껄끄러운,-1.0
껄렁껄렁한,-1.0
꼬락서니,-1.0
꼬물거리는,-1.0
꼬이거나,-2.0
꼬집거나,-1.0
꼬집히는,-1.0
꼴사나운,-2.0
꼴사납게,-2.0
꼴사납다,-2.0
꼼꼼하게,1.0
꼼꼼하고,1.0
꼼꼼하다,1.0
꼼꼼한,2.0
꼿꼿하며,1.0
꽁알대다,-1.0
꽁하다,-1.0
꾀거나,-1.0
꾸물거리는,-1.0
꾸물거리다,-1.0
꾸물꾸물하다,-1.0
꾸민,1.0
꾸준하게,1.0
꾸준한,2.0
꾸준함,2.0
꾸준히,2.0
꾸중,-1.0
꾸중을,-1.0
꾸중하다,-1.0
꾸지람,-1.0
꾸지람을,-1.0
꾸지람하다,-1.0
꾸짖거나,-1.0
꾸짖는,-1.0
꾸짖다,-1.0
꾸짖어,-1.0
꾸짖음,-1.0
꿀잼,1.0
꿉신대다,-2.0
꿋꿋하다,1.0
꿋꿋한,1.0
끈기,1.0
끊고,-1.0
끌다,1.0
끌리도록,1.0
끔살,-2.0
끔직하고,-2.0
끔찍하게,-2.0
끔찍하다,-2.0
끔찍한,-2.0
끔찍함,-2.0
끼깅대다,-1.0
낄끼빠빠,-1.0
낑낑대다,-1.0
나가자빠지는,-2.0
나긋나긋이,1.0
나릿나릿,-1.0
나무라다,-1.0
나무라며,-1.0
나무람을,-1.0
나불거리며,-1.0
나불나불,-1.0
나불나불하다,-1.0
나빠지게,-2.0
나빠지다,-2.0
나빠지도록,-2.0
나빠진,-2.0
나쁘거나,-2.0
나쁘게,-2.0
나쁘고,-2.0
나쁘다,-2.0
나쁜,-2.0
나쁜놈,-2.0
나쁠,-2.0
나아가게,1.0
나아지게,1.0
나아지다,2.0
나태하게,-1.0
나태하다,-2.0
나태한,-2.0
낙담,-2.0
낙담하다,-2.0
낙망,-2.0
낙망하다,-2.0
낙심,-2.0
낙심되다,-2.0
낙심하다,-2.0
난리나다,1.0
난잡스러운,-2.0
난잡하다,-2.0
난잡한,-2.0
난처하거나,-2.0
난처하고,-2.0
난폭하거나,-2.0
난폭하다,-1.0
난폭한,-1.0
난하다,-2.0
날뛰다,1.0
날뜀,1.0
날씬하다,1.0
날씬한,1.0
날조하여,-1.0
낡고,-1.0
낡다,-1.0
낡아,-1.0
낡아지다,-1.0
낡은,-1.0
남달리,1.0
남루하게,-1.0
남몰래,-1.0
남부끄러이,-1.0
남부끄럽다,-1.0
남부럽다,-1.0
남사스럽다,-1.0
남용,-1.0
남용하다,-2.0
납치,-2.0
낫다,1.0
낭만,1.0
낭만적인,1.0
낭비,-1.0
낭비된,-2.0
낭비하다,-1.0
낭패,-2.0
낮아지거나,-1.0
낮잡는,-2.0
낮잡아,-2.0
낮추어,-2.0
낯부끄럽다,-1.0
낯설다,-1.0
내리눌리다,-1.0
내버려지다,-2.0
내버리거나,-2.0
내소외친하다,-1.0
내송,-1.0
내송하다,-1.0
내숭스럽고,-1.0
내쫓기다,-2.0
내쫓는,-2.0
내쫓다,-2.0
내쫓아,-2.0
냉담하다,-1.0
냉담한,-2.0
냉랭하거나,-2.0
냉랭하고,-2.0
냉랭하며,-2.0
너그러운,2.0
너그러워,2.0
너그러이,2.0
너그럽게,2.0
너그럽고,2.0
너그럽다,2.0
너무하다,-2.0
너불거리며,-1.0
너저분하게,-1.0
너저분하다,-1.0
너저분하여,-1.0
너저분한,-1.0
너저분해,-1.0
너절하게,-2.0
너절하다,-2.0
너절한,-2.0
너프,-1.0
넉넉하거나,2.0
넉넉하게,1.0
넉넉하고,1.0
넉넉하다,1.0
넉넉하여,1.0
넉넉한,1.0
넌더리가,-2.0
넌덕스러운,1.0
넌씨눈,-2.0
넘사,1.0
넘사벽,1.0
넘어지거나,-1.0
넘어지며,-1.0
넘어질,-1.0
노답,-2.0
노략질하는,-2.0
노략질함을,-2.0
노려보다,-1.0
노력이나,1.0
노력하는,1.0
노력하다,1.0
노련하고,1.0
노름,-1.0
노름꾼이,-1.0
노숙자,-1.0
노여운,-2.0
노여움,-2.0
노여움을,-2.0
노엽거나,-2.0
노예,-2.0
노인정,-1.0
노잼,-1.0
노하여,-2.0
노한다,-2.0
노함,-2.0
노후되다,-1.0
논리적,1.0
논리적인,2.0
놀다,1.0
놀라거나,-1.0
놀라고,-1.0
놀랍다,1.0
놀려,-1.0
놀리거나,-1.0
놀리는,-1.0
놀리다,-1.0
놀릴,-1.0
놀림,-1.0
놀림과,-1.0
놀림받다,-1.0
놀림을,-1.0
놀림조,-2.0
놀림조로,-2.0
놀아나는,-1.0
농락하여,-2.0
농지거리를,-2.0
높거나,1.0
높고,1.0
높다,1.0
높은,1.0
높이다,1.0
놓쳐,-1.0
놓치다,-1.0
뇌물을,-1.0
뇌물의,-1.0
뇌종양,-2.0
뇌진탕,-2.0
뇌출혈,-2.0
뇌타박상,-2.0
눈곱이나,-1.0
눈꼴사납게,-2.0
눈꼴사납고,-2.0
눈꼴사납다,-2.0
눈뜬장님,-1.0
눈물,-1.0
눈물겹다,-2.0
눈물이,-1.0
눈새,-1.0
눈치를,-1.0
뉘우치고,1.0
뉘우치다,0.0
뉘우침,0.0
느개비,-2.0
느글거리는,-2.0
느글거리다,-2.0
느글대다,-2.0
느금마,-2.0
느끼하다,-2.0
느끼해지다,-2.0
느리다,-1.0
느릿느릿,-1.0
느물거려,-1.0
느물거리는,-1.0
느즈러져,-1.0
늘씬한,1.0
늘어나다,-1.0
늙거나,-1.0
늙어서,-1.0
능글능글하다,-1.0
능글능글한,1.0
능글맞고,-1.0
능란하게,2.0
능력,1.0
능수능간,2.0
능수능란,2.0
능숙하게,2.0
능청맞고,-1.0
능청스러운,-1.0
능청스럽게,0.0
능청스럽고,-1.0
능청을,-1.0
능통한,2.0
능하고,2.0
능하다,2.0
능히,2.0
늦다,-1.0
늦어지는,-1.0
늦어지다,-1.0
다그치다,-1.0
다급하게,-1.0
다급하여,-1.0
다독거리다,1.0
다독다독,1.0
다독다독하다,1.0
다랍게,-1.0
다양하다,1.0
다정하고,2.0
다정하다,2.0
다채롭다,1.0
다치거나,-1.0
다치다,-1.0
다친다는,-1.0
다침,-2.0
다투거나,-2.0
다투는,-2.0
다투다,-2.0
다툼을,-2.0
다행스럽다,1.0
닥쳐오다,-1.0
닦달하거나,-2.0
단념할,-1.0
단단하게,1.0
단단하고,1.0
단련되고,1.0
단련되다,1.0
단아하게,2.0
단작스럽게,-1.0
단정하게,2.0
단정하다,2.0
단출하게,2.0
달거나,1.0
달달하다,1.0
달뜬,1.0
달뜸,1.0
달래다,1.0
달성감,1.0
달성하다,1.0
달성한,1.0
달아남,-1.0
달콤하고,1.0
달콤하다,1.0
달콤한,1.0
닳아,-1.0
답답하거나,-1.0
답답하게,-1.0
답답하고,-1.0
답답하다,-1.0
답답하며,-1.0
답답하여,-1.0
답답하여진다,-1.0
답답한,-1.0
답답할,-1.0
답답함,-1.0
답답해진다,-1.0
당당하게,1.0
당당하고,1.0
당당하다,1.0
당찮다,-1.0
당하다,-1.0
당하였던,-1.0
당황하다,-1.0
당황하여,-1.0
당황한,-2.0
당황해하는,-1.0
당황해하다,-1.0
대가,1.0
대강대강,-1.0
대견하고,1.0
대꾸하는,-1.0
대단하거나,2.0
대단하고,2.0
대단하다,2.0
대단한,2.0
대담하고,1.0
대들다,-2.0
대립으로,-1.0
대립하는,-1.0
대상,1.0
대접,1.0
대접하기,1.0
대접하는,1.0
대접함,1.0
대중없이,-1.0
대충대충,-1.0
대충하다,-1.0
더들다,0.0
더듬는,0.0
더디거나,-1.0
더디다,-1.0
더딘,-1.0
더러운,-2.0
더러움,-2.0
더러워,-2.0
더러워져서,-2.0
더러워지거나,-2.0
더러워지다,-2.0
더러워진,-2.0
더럽게,-2.0
더럽고,-2.0
더럽다,-2.0
더럽혀서,-2.0
더럽혀진,-2.0
더럽히는,-2.0
더럽히다,-2.0
더부룩이,-2.0
더부룩하고,-2.0
더부룩하다,-2.0
더부룩하면서,-1.0
더부룩하여,-1.0
더없이,1.0
더하다,1.0
덕을,2.0
덕이라는,2.0
덕행을,2.0
덕행이,2.0
덜렁거리며,-1.0
덤벼들어,-2.0
덤비거나,-2.0
덤비다,-2.0
덥거나,-1.0
덥다,-1.0
덧나다,-1.0
데면데면하게,-1.0
데면데면하다,-1.0
데면데면함,-1.0
도덕적,2.0
도도하게,0.0
도둑,-1.0
도둑질하다,-2.0
도둑질한,-2.0
도리,1.0
도망하는,-1.0
도살되다,-1.0
도살하다,-1.0
도와주다,1.0
도외시하다,-1.0
도움,1.0
도적질,-1.0
독감,-1.0
독보적,1.0
독사,-2.0
독살스러운,-2.0
독이,-2.0
독차지함,-2.0
독창적,2.0
독창적인,2.0
독특하다,1.0
독하거나,-2.0
독한,-2.0
돋는다,1.0
돋보이다,1.0
돋우다,1.0
돌겠네,-2.0
돌머리,-1.0
돕다,2.0
동경하고,2.0
동기부여하다,1.0
동통,-1.0
되거나,-1.0
되바라지게,-2.0
되지못한,-2.0
되찾는,1.0
두근거리다,1.0
두드러지다,1.0
두려운,-2.0
두려움,-2.0
두려움으로,-2.0
두려움을,-2.0
두려움이나,-2.0
두려워,-2.0
두려워서,-2.0
두려워하는,-2.0
두려워하다,-1.0
두려워하여,-2.0
두려워함,-2.0
두렵거나,-2.0
두렵고,-2.0
두렵다,-2.0
두창을,-2.0
두텁다,1.0
두통,-2.0
두통이나,-1.0
둔하게,-1.0
둔하고,-1.0
둔하다,-1.0
둔한,-1.0
뒤끓다,-2.0
뒤떨어져,-2.0
뒤떨어지거나,-2.0
뒤섞거나,-1.0
뒤숭숭하게,-1.0
뒤숭숭하다,-1.0
뒤숭숭한,-1.0
뒤숭숭함,-1.0
뒤얽혀,-1.0
뒤얽히게,-1.0
뒤엉키어,-1.0
뒤척거리다,-1.0
뒤틀리다,-2.0
뒤틀리어서,-2.0
뒷거래하다,-1.0
드높은,1.0
드센,-1.0
득템,2.0
든든하고,2.0
든든하다,2.0
든든히,2.0
듣보잡,-1.0
들끓다,-2.0
들뜬,1.0
들볶거나,-1.0
들볶다,-1.0
들어맞다,2.0
따가운,-1.0
따가울,-1.0
따금대다,-1.0
따끔거리는,-1.0
따끔따끔히,-1.0
따끔하게,-1.0
따끔히,-1.0
따돌림을,-2.0
따뜻이,2.0
따뜻하게,2.0
따뜻하고,2.0
따뜻하다,2.0
따뜻하며,2.0
따뜻하여,2.0
따뜻한,2.0
따름,1.0
따분하고,-1.0
따지고,-1.0
따지며,-1.0
딱딱대다,-1.0
딱하거나,-1.0
딱하게,-1.0
딱하고,-2.0
딱하다,-2.0
딱하여,-2.0
딱한,-2.0
딱함,-2.0
딴전을,-1.0
딸바보,1.0
때가,-1.0
때나,-1.0
때려,-1.0
때려서,-1.0
때리는,-1.0
때림을,-1.0
떠넘기려고,-1.0
떠드는,-1.0
떠들거나,-1.0
떠들다,-1.0
떠들며,-1.0
떠들썩대다,-1.0
떠들썩하게,0.0
떠들썩하다,-1.0
떠들어,-1.0
떠들어서,-1.0
떠벌리다,-2.0
떡실신,-2.0
떨구다,-1.0
떨다,-1.0
떨림,-1.0
떨며,-1.0
떨어지다,-1.0
떨어트리다,-1.0
떳떳하게,1.0
떳떳하고,2.0
떳떳하다,2.0
떳떳한,2.0
또라이,-2.0
또랑또랑하여,2.0
또렷또렷,1.0
또렷또렷하다,1.0
또렷또렷한,1.0
또렷이,1.0
또렷하다,1.0
또렷한,1.0
또박또박하게,1.0
똑똑하고,2.0
똑똑하다,2.0
똑똑한,2.0
똑바르다,2.0
똘똘히,2.0
똥꼬충,-2.0
똥똥하게,-1.0
똥똥한,-1.0
뚜렷하게,1.0
뚜렷하고,1.0
뚜렷하다,1.0
뚜렷하여,1.0
뚝둑하고,-1.0
뚫어트리다,1.0
뚱뚱하다,-1.0
뚱뚱한,-1.0
뛰어나,2.0
뛰어나거나,2.0
뛰어나게,2.0
뛰어나고,2.0
뛰어나다,2.0
뛰어나다는,2.0
뛰어난,2.0
뛰어남,2.0
뛰어넘다,1.0
뜨겁다,0.0
뜨끔거리는,-1.0
뜨끔뜨끔히,-1.0
뜨끔하게,-1.0
뜨뜻하고,1.0
뜻깊은,2.0
띠꾸,-2.0
로맨티시즘,1.0
루머,-1.0
리즈시절,1.0
마땅하고,2.0
마맛자국이,-1.0
마비,-1.0
마비되거나,-1.0
마비되는,-2.0
마비에서,-1.0
마스터피스,2.0
마약,-1.0
마음대로,0.0
마이너스,-2.0
마지못하여,-1.0
마지못해,-1.0
마초맨,1.0
막되게,-2.0
막되다,-2.0
막되어,-2.0
막막하게,-2.0
막막하다,-2.0
막연하다,-2.0
막혀,-2.0
막히는,-2.0
막히다,-2.0
막힘없이,2.0
만만한,-1.0
만족,2.0
만족과,2.0
만족스러운,2.0
만족스럽거나,2.0
만족스럽게,2.0
만족스럽다,2.0
만족시키는,2.0
만족하는,2.0
만족하다,2.0
만족한,2.0
만족할,2.0
만족함,2.0
많다,2.0
많음,1.0
말끔하게,2.0
말끔하고,2.0
말끔하다,2.0
말끔하여,2.0
말끔한,2.0
말끔히,2.0
말다툼하다,-2.0
말대꾸하다,-2.0
말대답을,-2.0
말똥말똥,1.0
말라서,-1.0
말라죽은,-2.0
말라죽을,-2.0
말썽을,-1.0
말썽이,-1.0
말쑥하고,2.0
말쑥하다,2.0
말없이,-1.0
말짱하게,2.0
말짱하다,2.0
맑거나,2.0
맑게,2.0
맑고,2.0
맑다,2.0
맑다는,2.0
맑아지는,2.0
맑은,2.0
맛깔나다,1.0
맛깔스럽게,2.0
맛없다,-1.0
맛없이,-1.0
맛있게,2.0
맛있는,2.0
맛있다,2.0
맛집,2.0
망그러지다,-1.0
망상,-2.0
망설여지며,-1.0
망설이거나,-1.0
망설이고,-1.0
망설이기만,-1.0
망설이는,-1.0
망설이다,-1.0
망설이며,-1.0
망신,-2.0
망신스러운,-2.0
망실,-1.0
망실하다,-1.0
망치다,-2.0
망하는,-2.0
망하다,-2.0
망할,-2.0
맞거나,-1.0
맞추어,1.0
매끄러운,1.0
매끄러워서,1.0
매끄럽고,1.0
매끄럽다,1.0
매끈둥대다,1.0
매끈하게,1.0
매독,-2.0
매독균의,-2.0
매력에,1.0
매력있다,2.0
매력적이다,2.0
매력적인,1.0
매로,-1.0
매료되어,1.0
매몰차게,-2.0
매몰차고,-2.0
매스껍고,-2.0
매슥매슥하여,-2.0
매여,-1.0
매질을,-2.0
맥없게,-2.0
맥없는,-2.0
맥없이,-2.0
맵짜게,-1.0
맵짜다,-1.0
맹세하다,1.0
머리가,0.0
머뭇거리거나,-1.0
머뭇거리게,-1.0
머뭇거리는,-1.0
머뭇거리다,-1.0
머뭇거리며,-1.0
머뭇대다,-1.0
머뭇머뭇하거나,-1.0
머뭇머뭇하는,-1.0
머뭇하다,-1.0
머저리,-2.0
먹튀,-1.0
먼지,-1.0
멀건,-1.0
멀겋게,-1.0
멀겋다,-1.0
멀끔하게,2.0
멀끔하다,2.0
멀끔한,2.0
멀끔히,2.0
멀리하다,-1.0
멀리함,-1.0
멀쑥하게,1.0
멀쑥하다,1.0
멀쑥한,1.0
멀쩡하다,1.0
멈칫하거나,-1.0
멋들어지게,2.0
멋스러운,2.0
멋스럽다,2.0
멋없다,-2.0
멋없이,-2.0
멋을,2.0
멋이나,2.0
멋있거나,2.0
멋있는,2.0
멋있다,2.0
멋쟁이,2.0
멋지게,2.0
멋지고,2.0
멋지다,2.0
멋진,1.0
멋쩍거나,-1.0
멋쩍고,-1.0
멋쩍다,-1.0
멋쩍은,-1.0
멋쩍음,-1.0
멍청이,-2.0
멍청하거나,-2.0
멍청하고,-2.0
멍청하다,-2.0
멍청한,-2.0
멍하고,-1.0
멍한,-1.0
메말라,-2.0
메스꺼움,-2.0
메스꺼워,-2.0
메스껍고,-2.0
메스껍다,-2.0
메슥메슥하여,-2.0
메슥메슥한,-2.0
멘붕,-2.0
면색여토하다,-2.0
면직을,-1.0
멸망시키다,-2.0
멸망함,-2.0
멸명되다,-2.0
멸시,-2.0
멸시감,-2.0
멸시당하는,-2.0
멸시되다,-2.0
멸시하거나,-2.0
멸시하다,-2.0
멸여,-2.0
멸여되다,-2.0
멸여하다,-2.0
명랑하고,2.0
명랑하다,2.0
명량하고,2.0
명량하다,2.0
명량한,2.0
명성,2.0
명예,2.0
명예로운,2.0
명예롭다,1.0
명예훼손,-1.0
명존세,-2.0
명쾌하다,2.0
명쾌한,1.0
명쾌함,1.0
모략,-1.0
모르거나,-1.0
모르는,-1.0
모범으로,2.0
모순,-1.0
모순되다,-1.0
모순된,-1.0
모시,-1.0
모양,0.0
모욕,-2.0
모욕을,-2.0
모자라거나,-1.0
모자라기는,-1.0
모자라는,-1.0
모자라다,-1.0
모자라서,-1.0
모자란,-1.0
모진,-2.0
모질게,-2.0
모질고,-2.0
모질다,-2.0
모짊,-2.0
모호하거나,-1.0
모호하게,-1.0
모호하다,-1.0
모호하여,-1.0
몰래,-1.0
몰아대거나,-1.0
몰아대다,-1.0
몰아붙이듯이,-2.0
몰아세우다,-1.0
몰아쳐서,-2.0
몰인정,-1.0
몸보신하다,1.0
몸살,-1.0
몸살나다,-2.0
몸져눕게,-2.0
몸져눕는,-2.0
몸짱,1.0
몹쓸,-2.0
못나게,-2.0
못나고,-2.0
못난,-2.0
못난이,-2.0
못남,-2.0
못났다,-2.0
못되게,-2.0
못된,-2.0
못마땅하거나,-2.0
못마땅하게,-2.0
못마땅하다,-2.0
못마땅하며,-2.0
못마땅하여,-2.0
못마땅한,-2.0
못마땅할,-2.0
못마땅해하면서,-2.0
못살게,-2.0
못생겨서,-2.0
못생겼다,-2.0
못생기다,-2.0
못생긴,-1.0
못생김,-2.0
못하거나,-2.0
못하게,-2.0
못하겠다고,-2.0
못하고,-2.0
못하다,-2.0
못하던,-1.0
못하도록,-1.0
못하여,-1.0
못한,-1.0
못함을,-1.0
무가치,-1.0
무가치하고,-2.0
무겁다,-1.0
무관심,-1.0
무관심하다,-2.0
무관심한,-1.0
무궁무진하다,1.0
무기력,-2.0
무기력하다,-1.0
무기력한,-2.0
무기력함,-1.0
무너뜨리다,-2.0
무너지게,-2.0
무너지는,-2.0
무너지다,-2.0
무너짐,-2.0
무뇌충,-2.0
무능력,-1.0
무능하다,-1.0
무능한,-1.0
무단결석,-2.0
무더위로,-2.0
무디다,-2.0
무뚝뚝하다,-1.0
무례하다,-2.0
무례한,-2.0
무례함,-2.0
무료로,1.0
무리하게,-1.0
무리하다,-1.0
무모하다,-1.0
무모한,-1.0
무분별한,-2.0
무사히,1.0
무서운,-2.0
무서울,-2.0
무서움,-2.0
무서움을,-2.0
무서워,-2.0
무서워서,-2.0
무서워하는,-2.0
무서워하여,-2.0
무섭거나,-2.0
무섭고,-2.0
무섭기까지,-2.0
무섭다,-2.0
무시당하다,-2.0
무시하다,-1.0
무안을,-2.0
무안하거나,-2.0
무안하고,-2.0
무의미하게,-2.0
무의미하다,-2.0
무의미한,-1.0
무의하다,-2.0
무자비하다,-2.0
무자비한,-1.0
무정한,-2.0
무지근한,-1.0
무지러져서,-1.0
무지하고,-2.0
무질서하게,-2.0
무질서하고,-2.0
무질서한,-2.0
무책임,-2.0
무책임하다,-2.0
무탈하다,2.0
무편무당하다,1.0
무한이기주의,-1.0
무해하다,2.0
무해한,1.0
무효로,-1.0
문드러져,-1.0
문드러지다,-1.0
문란하게,-2.0
문란하여진,-1.0
문맹,-1.0
물러나다,-1.0
물러서거나,-1.0
물리거나,-1.0
물어뜯거나,-1.0
물집,-1.0
므흣하다,1.0
미개하다,-1.0
미개하여,-2.0
미개한,-2.0
미끄러운,1.0
미끈하다,1.0
미덥지,0.0
미띤,-1.0
미련이,-2.0
미련하거나,-2.0
미련하고,-2.0
미련하다,-2.0
미련하여,-2.0
미련한,-2.0
미루거나,-1.0
미루다,-1.0
미묘하여,1.0
미세함,1.0
미소,2.0
미숙하다,-1.0
미숙하여,-1.0
미숙한,-1.0
미안하게,-1.0
미안하고,-1.0
미안하다,-1.0
미안하여,-1.0
미안함,-1.0
미약하다,-1.0
미운,-2.0
미움을,-2.0
미워하고,-2.0
미워하는,-2.0
미워하다,-2.0
미워할,-2.0
미워함,-2.0
미워함을,-2.0
미워해,-2.0
미인,2.0
미천한,-2.0
미치겠다,-2.0
미친,-2.0
미친개의,-1.0
미혹한,-2.0
믿고,1.0
믿다,1.0
믿음,1.0
믿음성,2.0
믿음을,1.0
믿음직스러운,2.0
믿음직스러워,2.0
믿음직스럽게,2.0
믿음직스럽고,2.0
믿음직스럽다,2.0
믿음직하고,2.0
믿음직할,2.0
밀려나다,-1.0
밉게,-2.0
밉다,-2.0
밉살스러운,-2.0
밉살스럽게,-2.0
밉살스럽고,-2.0
밋밋하다,-1.0
바라거나,0.0
바라는,0.0
바라진,-1.0
바람직스럽다,2.0
바람직하다,2.0
바람직한,2.0
바래서,-1.0
바로잡다,1.0
바르거나,2.0
바르게,2.0
바르고,2.0
바르다,2.0
바르며,2.0
바른,2.0
바보,-2.0
바보같이,-1.0
바쁘게,-1.0
바이러스,-1.0
바지직대다,-1.0
박복함,0.0
박약,-1.0
박탈되고,-2.0
박탈되어,-2.0
박탈하고,-2.0
박탈하다,-2.0
박탈하여,-2.0
박할,-2.0
박할하다,-2.0
반가운,2.0
반갑다,2.0
반기다,2.0
반대하거나,-2.0
반대하다,-2.0
반드러운,2.0
반드럽게,2.0
반드럽다,2.0
반드르르하다,2.0
반들반들,1.0
반들반들하다,1.0
반듯하게,1.0
반듯하고,1.0
반란,-2.0
반반하게,-2.0
반발하다,-2.0
반벙어리처럼,-1.0
반성하고,1.0
반신불수가,-2.0
반역,-2.0
반역을,-2.0
반품남,-1.0
반품녀,-1.0
반하다,1.0
반항하다,-2.0
반항하려는,-2.0
반항하여,-2.0
반해버리다,1.0
반했다,1.0
받다,1.0
받아들이기는커녕,-2.0
발길질을,-1.0
발끈대다,-2.0
발달된,1.0
발라서,1.0
발랄하다,2.0
발연기,-1.0
발열,-1.0
발열과,0.0
발열이,0.0
발작,-2.0
발전,1.0
발전되도록,1.0
발전시키는,1.0
발전이나,1.0
발전하는,1.0
발전하다,1.0
발컨,-1.0
밝게,2.0
밝고,2.0
밝다,2.0
밝아서,2.0
밝은,2.0
방긋,2.0
방긋방긋,2.0
방자하고,-1.0
방자한,-1.0
방정,-2.0
방정맞게,-2.0
방정맞고,-2.0
방정맞은,-2.0
방치되다,-1.0
방탕하게,-2.0
방탕하고,-2.0
방탕하다,-1.0
방탕한,-2.0
방해가,-2.0
방해하거나,-2.0
방해하는,-2.0
방해하다,-2.0
방해하던,-2.0
방해하여,-2.0
방해함,-2.0
배반하다,-2.0
배반함,-2.0
배신하다,-2.0
배신하여,-2.0
배우는,0.0
배우다,1.0
배워지고,0.0
배은망덕,-2.0
배척되다,-2.0
배척하다,-2.0
배탈,-2.0
버겁다,-2.0
버그러져,-2.0
버그러진,-2.0
버려두어,-2.0
버려지다,-2.0
버릇,0.0
버릇없게,-2.0
버릇없고,-2.0
버릇없는,-2.0
버릇없이,-2.0
버리다,-2.0
버린다는,-2.0
버성기어,-1.0
버젓하지,0.0
버프,1.0
벅차다,0.0
번거로운,-2.0
번거롭게,-2.0
번거롭다,-2.0
번드럽게,0.0
번드럽다,0.0
번듯이,1.0
번듯하게,1.0
번듯하고,1.0
번지르르하게,0.0
번창한,2.0
번하다,1.0
벌로,-2.0
벌받을,-2.0
벌을,0.0
범인,-2.0
범죄,-2.0
범죄로,-2.0
범죄를,-2.0
범죄에,-2.0
범죄자,-1.0
범죄자들의,-2.0
범죄적인,-2.0
벗어나,-1.0
벗어나다,-1.0
벙글거리며,0.0
벙긋,2.0
벙긋벙긋,2.0
벙벙한,-1.0
베푸는,1.0
베풀거나,1.0
베풀다,1.0
베풀어,1.0
베풀어서,1.0
베풀어져,1.0
베풀어지다,1.0
벼르다,-1.0
변덕스러워,-1.0
변변찮은,-2.0
변비,-1.0
변비증,-1.0
변사하다,-2.0
변태,-1.0
변함없이,1.0
별로다,-1.0
별스러울,-1.0
별스러워,-1.0
볍신,-2.0
병독,-2.0
병든,-2.0
병들거나,-2.0
병들어,-2.0
병맛,-1.0
병세가,-2.0
병신이나,-2.0
병에서,-2.0
병으로,-2.0
병을,-2.0
병이,-2.0
병이나,-2.0
병이다,-2.0
병적으로,-2.0
병적인,-2.0
병증,-2.0
병증으로,-2.0
병증을,-2.0
병치레를,-1.0
보답이,1.0
보답하는,1.0
보드라운,1.0
보드랍게,1.0
보드랍고,1.0
보드랍다,1.0
보람,1.0
보람이나,1.0
보로통히,-1.0
보배,1.0
보살피거나,1.0
보살피다,1.0
보송보송,1.0
보송보송하다,1.0
보수적,-1.0
보수적이다,-1.0
보잘것없거나,-2.0
보잘것없고,-2.0
보잘것없는,-2.0
보잘것없다,-2.0
보잘것없음,-2.0
보잘것없이,-2.0
보채거나,-1.0
보채는,-1.0
보채다,-1.0
보챔,-1.0
보충하다,1.0
보탬이,1.0
보호하여,1.0
복된,2.0
복리,2.0
복리를,1.0
복스럽고,2.0
복을,2.0
복이나,2.0
복잡하거나,-1.0
복잡하게,-1.0
복잡하고,-1.0
복잡하다,-1.0
복잡하여,-1.0
복종하다,-1.0
복종하면서,-1.0
복종함,-1.0
복통을,-2.0
볶아치는,-1.0
볶아치다,-1.0
볼매,1.0
볼쌍사납게,-2.0
볼썽사납게,-2.0
볼품없이,-2.0
봄날의,1.0
봉변,-2.0
부귀한,2.0
부글거리는,-1.0
부글거리다,-1.0
부끄러운,-1.0
부끄러움,-1.0
부끄러움을,-1.0
부끄러워서,-1.0
부끄러워지다,-1.0
부끄러워하는,-1.0
부끄러워하다,-1.0
부끄러워함,-1.0
부끄러이,-1.0
부끄럽게,-1.0
부끄럽다,-1.0
부담,-2.0
부담스러운,-2.0
부담스럽다,-2.0
부당하거나,-2.0
부당하게,-2.0
부당하다,-1.0
부당한,-1.0
부도덕,-2.0
부도덕한,-1.0
부드러우며,1.0
부드러우면서,1.0
부드러운,1.0
부드러워지게,1.0
부드럽게,1.0
부드럽고,1.0
부드럽다,1.0
부득기소,-1.0
부득기소하다,-1.0
부딪치거나,-1.0
부러뜨리다,-1.0
부러운,1.0
부러워함,1.0
부러지다,-2.0
부럽다,-1.0
부르르,0.0
부르르하다,0.0
부산을,-1.0
부산하게,-1.0
부산한,-1.0
부상,-2.0
부서지거나,-1.0
부서지다,-2.0
부스럼,-1.0
부스럼이나,-1.0
부스스한,-1.0
부실하게,-1.0
부심,-1.0
부인하다,-2.0
부자,1.0
부자연스러운,-1.0
부자연스러움,-2.0
부자연스럽게,-1.0
부자연스럽다,-2.0
부작용,-2.0
부작용이,-2.0
부적격,-2.0
부적당한,-1.0
부적절하다,-2.0
부적절한,-1.0
부정,-1.0
부정어와,-2.0
부정을,-2.0
부정이나,-2.0
부정적,-2.0
부정적인,-2.0
부정직,-2.0
부정하거나,-2.0
부정하는,-2.0
부정하다,-2.0
부정하며,-2.0
부정하여,-2.0
부정행위,-1.0
부정확하다,-1.0
부정확한,-1.0
부조리,-2.0
부조화,-2.0
부족,-1.0
부족이나,-1.0
부족하거나,-1.0
부족하다,-1.0
부족하며,-1.0
부족하여,-1.0
부족한,-2.0
부족함이,-1.0
부주의로,-1.0
부주의한,-1.0
부지런,2.0
부지런스럽다,2.0
부지런스레,2.0
부지런하고,2.0
부지런하다,2.0
부지런히,2.0
부진,-2.0
부진증,-1.0
부진하다,-2.0
부질없다,-2.0
부질없이,-2.0
부추겨서,-1.0
부추기는,-1.0
부패하다,-1.0
부패한,-1.0
분개하다,-2.0
분개하여,-2.0
분개할,-2.0
분격,-2.0
분격하다,-2.0
분나,-2.0
분나하다,-2.0
분노,-2.0
분노나,-2.0
분노하다,-2.0
분노함,-2.0
분란,-1.0
분란통,-1.0
분란하다,-1.0
분명하게,1.0
분명하고,1.0
분명하다,1.0
분명한,1.0
분발하여,0.0
분별없이,-1.0
분수없이,-2.0
분에,-2.0
분에하다,-2.0
분열병,-1.0
분이나,-2.0
분탄하다,-2.0
분탕,-2.0
분탕질,-2.0
분통,-2.0
분통스럽다,-2.0
분풀이,-2.0
분풀이하다,1.0
분하거나,-2.0
분하게,-2.0
분하고,-2.0
분하다,-2.0
분하여,-2.0
분한,-2.0
분함,-2.0
불건전,-2.0
불건전한,-2.0
불결하다,-2.0
불결한,-2.0
불경기,-2.0
불균형,-2.0
불길하거나,-2.0
불길하다,-2.0
불길한,-2.0
불량,-2.0
불량배가,-2.0
불량자가,-2.0
불량패,-1.0
불량하다,-2.0
불량한,-2.0
불량화소,-2.0
불리하다,-1.0
불리한,-2.0
불만,-2.0
불만감,-2.0
불만스러운,-2.0
불만스럽거나,-2.0
불만스럽게,-2.0
불만스럽다,-2.0
불만스레,-2.0
불만으로,-2.0
불만을,-2.0
불만이,-2.0
불만족,-2.0
불만족스러운,-2.0
불만족스럽다,-2.0
불만족스레,-2.0
불만족하다,-2.0
불만투성이,-2.0
불만하다,-2.0
불면병,-1.0
불면증,-2.0
불명예,-2.0
불명예스러운,-1.0
불법,-2.0
불법으로,-2.0
불법이다,-2.0
불법적으로,-2.0
불법체류,-2.0
불성실,-1.0
불순물이,-1.0
불신,-2.0
불신의,-2.0
불신하다,-1.0
불쌍하게,-2.0
불쌍하고,-2.0
불쌍하다,-2.0
불쌍하여,-2.0
불쌍한,-2.0
불쌍함,-2.0
불쌍히,-2.0
불안,-2.0
불안감,-2.0
불안스럽다,-2.0
불안전성,-2.0
불안정하게,-2.0
불안정한,-2.0
불안하게,-2.0
불안하다,-2.0
불안하여,-2.0
불안한,-2.0
불안할,-1.0
불안해하고,-1.0
불안해하는,-2.0
불안히,-2.0
불운,-1.0
불충분,-2.0
불충분하거나,-2.0
불충분하다,-2.0
불충분한,-2.0
불치병,-2.0
불쾌감,-2.0
불쾌감이,-2.0
불쾌스럽다,-2.0
불쾌스레,-2.0
불쾌하게,-2.0
불쾌하다,-2.0
불쾌하다고,-2.0
불쾌한,-2.0
불쾌히,-2.0
불편,-2.0
불편리,-2.0
불편리하다,-2.0
불편부당,1.0
불편부당하다,1.0
불편스럽다,-2.0
불편스레,-2.0
불편하거나,-2.0
불편하게,-2.0
불편하고,-2.0
불편하다,-2.0
불편하며,-2.0
불편하여,-2.0
불편한,-2.0
불편할,-2.0
불편함,-2.0
불평,-2.0
불평등,-2.0
불평등하다,-2.0
불평등한,-1.0
불평스러워,-2.0
불평스럽게,-2.0
불평을,-2.0
불평이나,-2.0
불평조의,-2.0
불평판,-2.0
불평하는,-2.0
불평하다,-2.0
불합격한,-2.0
불합리,-2.0
불행,-1.0
불행을,-2.0
불행하거나,-2.0
불행하게,-2.0
불행하다,-2.0
불행한,-2.0
불협화음,-2.0
불화,-2.0
불황,-2.0
불효,-2.0
붉으락푸르락하여지며,-1.0
붉으락푸르락해지며,-1.0
붓고,-1.0
붙임성,1.0
비관적,-2.0
비관적인,-2.0
비굴하게,-2.0
비굴하다,-2.0
비굴할,-2.0
비극,-2.0
비꼬는,-2.0
비꼬다,-2.0
비난,-2.0
비난을,-2.0
비난조로,-2.0
비난하는,-2.0
비난하다,-2.0
비난하여,-2.0
비뚤거리다,-1.0
비뚤어져,-1.0
비뚤어지거나,-1.0
비뚤어지다,-1.0
비련,-2.0
비리를,-2.0
비만,-2.0
비만이다,-1.0
비매,-1.0
비방,-1.0
비방과,-2.0
비방하거나,-1.0
비방하다,-1.0
비속하게,-2.0
비싸다,-2.0
비싼,-2.0
비아냥거리다,-2.0
비아냥대다,-2.0
비아냥스럽다,-2.0
비아냥스레,-2.0
비아냥조,-2.0
비아냥하다,-2.0
비열하다,-2.0
비열한,-2.0
비웃거나,-1.0
비웃는,-1.0
비웃다,-1.0
비웃으며,-1.0
비웃음과,-1.0
비웃음을,-1.0
비위상하다,-2.0
비장의,1.0
비정상,-1.0
비정상적으로,-1.0
비정한,-1.0
비좁아,-1.0
비좁은,-1.0
비참,-2.0
비참하다,-2.0
비참한,-2.0
비참히,-2.0
비추천,-2.0
비추하다,-1.0
비탄,-2.0
비탄하다,-2.0
비통하다,-2.0
비통한,-1.0
비틀거리거나,-1.0
비틀거리는,-1.0
비틀거리다,-1.0
비틀거리며,-1.0
비틀어지며,-1.0
비판,-1.0
비판되다,-1.0
비판이나,-1.0
비판하다,-1.0
비판함,-1.0
비평,-1.0
비합리적,-2.0
비합리적인,-1.0
비현실,-2.0
비현실적,-2.0
비효율,-2.0
비효율적,-2.0
빈대,-2.0
빈둥거리는,-1.0
빈둥거리다,-1.0
빈둥빈둥,-1.0
빈둥빈둥하는,-1.0
빈둥빈둥하다,-1.0
빈정거리는,-2.0
빈정거리다,-2.0
빈정거리며,-2.0
빈정거릴,-2.0
빈틈없고,1.0
빈혈,-1.0
빌빌대다,-2.0
빌빌하는,-2.0
빌빌하다,-2.0
빙긋거리다,1.0
빙긋대다,1.0
빚을,-2.0
빚지다,-2.0
빛나고,1.0
빛나며,1.0
빠듯하게,-1.0
빠르다,1.0
빠지직대다,-1.0
빠트리다,-1.0
빡도네,-2.0
빡돌다,-2.0
빡세네,-2.0
빡세다,-2.0
빡치네,-2.0
빡치다,-2.0
빤빤스럽게,-2.0
빤빤스럽고,-2.0
빤빤하게,-2.0
빵꾸똥꾸,-1.0
빵셔틀,-1.0
빼돌려,-2.0
빼앗거나,-2.0
빼앗기,-2.0
빼앗기거나,-2.0
빼앗기고,-2.0
빼앗는,-2.0
빼앗다,-2.0
빼앗아,-2.0
빼앗으려고,-2.0
빼어나게,2.0
빼어나다,2.0
빼어난,2.0
뺀질대다,-2.0
뻐근하게,-1.0
뻑적지근하다,-1.0
뻔뻔스러운,-2.0
뻔뻔스럽게,-2.0
뻔뻔스럽고,-2.0
뻔뻔하게,-2.0
뻔뻔하다,-2.0
뻔뻔한,-1.0
뽀록,1.0
뽀얀,1.0
뽐내는,1.0
뽐내다,1.0
뽐낼,1.0
뿌듯하다,2.0
뿌듯함,2.0
삐딱거리다,-2.0
삐딱대다,-2.0
삐딱하다,-2.0
삐뚤거리다,-2.0
삐뚤대다,-2.0
삐뚤어져서,-2.0
삐뚤어지다,-2.0
삐죽대다,-2.0
삐죽삐죽,-2.0
삐죽이,-2.0
사고가,0.0
사고나,-1.0
사고나다,-2.0
사교적,1.0
사교적이다,1.0
사교적인,1.0
사귀다,1.0
사귀어,1.0
사나우며,-1.0
사나운,-1.0
사납거나,-1.0
사납게,-1.0
사납고,-1.0
사납다,-1.0
사납던,-1.0
사늘한,-1.0
사람다운,1.0
사랑,2.0
사랑겹다,2.0
사랑과,1.0
사랑꾼,2.0
사랑둥이,2.0
사랑받고,2.0
사랑받다,2.0
사랑스러운,2.0
사랑스러움,2.0
사랑스럽거나,2.0
사랑스럽게,2.0
사랑스럽다,2.0
사랑스레,2.0
사랑으로,2.0
사랑을,1.0
사랑의,2.0
사랑이,1.0
사랑이다,2.0
사랑하거나,2.0
사랑하고,2.0
사랑하는,2.0
사랑하다,2.0
사랑하여,2.0
사랑함,2.0
사랑해,2.0
사로잡다,1.0
사망하다,-2.0
사멸하는,-2.0
사모,2.0
사모하다,2.0
사모하여,2.0
사모함,2.0
사뿐사뿐하다,1.0
사뿐하다,1.0
사세난연,-2.0
사세난연하다,-2.0
사심없는,1.0
사악하다,-2.0
사악한,-2.0
사양하는,-1.0
사치,-1.0
사치스러운,-2.0
사치스럽다,-1.0
사형에,-2.0
삭는,-1.0
삭막하다,-2.0
산뜻하거나,2.0
산뜻하게,2.0
산뜻하고,2.0
산뜻하다,2.0
산뜻한,1.0
살그머니,1.0
살기,-2.0
살모넬라균에,-1.0
살아나거나,1.0
살인,-1.0
살인자,-2.0
살인죄,-2.0
살인하다,-1.0
살해,-1.0
살해되다,-2.0
살해됨,-2.0
살해됨을,-2.0
살해하다,-2.0
삼연히,0.0
상긋,1.0
상긋거리다,1.0
상긋방긋하다,1.0
상긋상긋,1.0
상긋하다,1.0
상냥하게,2.0
상냥하고,2.0
상냥하다,2.0
상냥하면서,2.0
상냥한,2.0
상냥함,2.0
상당하다고,1.0
상당한,1.0
상서로운,1.0
상서롭다,1.0
상스러운,-2.0
상스럽고,-2.0
상스럽다,-2.0
상습범,-2.0
상승곡선,1.0
상승세,1.0
상승효과,1.0
상실된,-1.0
상실한,-1.0
상심,-2.0
상심하다,-2.0
상처,-2.0
상처가,-1.0
상처를,-2.0
상처에서,-1.0
상쾌하게,2.0
상쾌하다,2.0
상쾌한,2.0
상쾌할,2.0
상쾌히,2.0
상큼하다,1.0
상하거나,-2.0
상하게,-2.0
상하고,-2.0
상하다,-2.0
상하여,-2.0
상한,-2.0
상함,-2.0
상해서,-2.0
상향하다,1.0
상혼,-2.0
상혼하다,-2.0
새눈무늿병,-1.0
새로운,1.0
새로워지다,1.0
새롭게,1.0
새실대다,1.0
색다른,1.0
샐그러뜨리며,-1.0
샐쭉,-1.0
샐쭉거리다,-1.0
샐쭉대다,-1.0
샐쭉샐쭉하다,-1.0
샐쭉하다,-1.0
샘나다,-1.0
샘바르고,-1.0
샘을,-1.0
샘하는,-1.0
샘하여,-1.0
생겨나다,1.0
생글생글,1.0
생긋,1.0
생긋거리다,1.0
생긋대다,1.0
생긋방긋,1.0
생긋방긋거리다,1.0
생기가,1.0
생동감이,1.0
생생하게,1.0
생생하고,1.0
생생하다,1.0
생생한,1.0
생생히,1.0
서글서글한,2.0
서글퍼지다,-2.0
서글프다,-2.0
서글픔,-2.0
서글피,-2.0
서늘하다,1.0
서늘한,-1.0
서두르며,-1.0
서러운,-2.0
서러움,-2.0
서러워하다,-2.0
서러이,-2.0
서럽게,-2.0
서럽다,-2.0
서먹거리다,-1.0
서먹서먹하게,-1.0
서먹서먹하다,-1.0
서먹서먹한,-1.0
서분대다,-1.0
서운감,-2.0
서운하거나,-2.0
서운하게,-2.0
서운하고,-2.0
서운하다,-2.0
서운한,-2.0
서운함,-2.0
서운히,-2.0
서정적인,1.0
서투르거나,-1.0
서투르게,-1.0
서투르고,-1.0
서투르다,-1.0
서투른,-1.0
서투름,-1.0
선득선득,-1.0
선득선득하다,-1.0
선량하다,1.0
선량한,1.0
선명하게,1.0
선명하다,1.0
선명하다는,1.0
선명한,1.0
선선한,1.0
선업을,1.0
선전하다,1.0
선진적인,1.0
선하다,2.0
선행을,2.0
선호하는,2.0
선호하다,2.0
설렁거리다,-1.0
설렁대다,-1.0
설렁설렁,-1.0
설렁설렁하다,-1.0
설레거나,1.0
설레게,1.0
설레는,1.0
설레다,1.0
설레발,-1.0
설레발치다,-1.0
설레어,1.0
설레이다,1.0
설사,-1.0
설사가,-1.0
설사를,-1.0
설사의,-1.0
설사하는,-1.0
설움,-2.0
설움에,-2.0
설움으로,-2.0
설움이,-2.0
설친,-1.0
섬뜩,-2.0
섬뜩섬뜩,-2.0
섬뜩섬뜩하다,-2.0
섬뜩하다,-2.0
섬세하게,1.0
섬세하고,1.0
섬약하여,-1.0
섭섭이,-2.0
섭섭하거나,-1.0
섭섭하게,-1.0
섭섭하고,-1.0
섭섭하다,-1.0
섭섭한,-1.0
섭하다,-1.0
성가시게,-2.0
성가시고,-2.0
성가시다,-2.0
성가시어,-2.0
성가실,-2.0
성공,2.0
성공적,2.0
성공적이다,2.0
성공하다,2.0
성공하여,2.0
성공한,2.0
성과가,1.0
성교,1.0
성글,2.0
성글거리다,2.0
성글고,2.0
성글다,-1.0
성글대다,2.0
성글벙글,2.0
성글벙글거리다,2.0
성글벙글대다,2.0
성글벙글하다,2.0
성글성글,2.0
성글성글하다,2.0
성글하다,2.0
성급하게,-1.0
성급하다,-1.0
성급한,-1.0
성기다,-1.0
성나다,-2.0
성난,-2.0
성내다,-2.0
성내어,-2.0
성대하다,2.0
성대한,2.0
성숙되다,1.0
성숙하고,1.0
성숙하다,1.0
성숙한,2.0
성을,0.0
성을내다,-2.0
성의가,1.0
성의있다,2.0
성이,0.0
성이나서,-2.0
성장되거나,1.0
성질나다,-2.0
성질내다,-2.0
성질부리다,-2.0
성취함을,2.0
성하고,0.0
성하다,1.0
성해지다,1.0
세계적인,1.0
세련되고,2.0
세련되다,2.0
세련된,2.0
세련미,1.0
세일,1.0
세일하다,1.0
세차고,-1.0
센셰이셔널,1.0
소갈병,-1.0
소고집,-1.0
소극적이다,-1.0
소담스러운,2.0
소동을,0.0
소득,1.0
소란스러운,-2.0
소란스러움,-2.0
소란스럽게,-2.0
소란스럽고,-1.0
소란스럽다,-2.0
소란이,-2.0
소란하게,-2.0
소란하고,-2.0
소란해지거나,-2.0
소름,-2.0
소름끼치는,-2.0
소름이,-2.0
소망,1.0
소복하게,1.0
소스라치게,-2.0
소외,-2.0
소외감,-2.0
소외되다,-2.0
소용없다,-2.0
소용없이,-2.0
소원하다,-1.0
소원한,-1.0
소음,-1.0
소중하게,2.0
소중하다,2.0
소중한,2.0
소중히,2.0
소질과,1.0
소탈하여,1.0
소홀,-2.0
소홀하게,-2.0
소홀하다,-2.0
소홀히,-2.0
속되게,-2.0
속박되다,-2.0
속병이,-1.0
속상,-2.0
속상하다,-2.0
속여,-1.0
속이거나,-2.0
속이고,-2.0
속이기,-2.0
속이는,-2.0
속이다,-2.0
속이려는,-2.0
속이며,-2.0
속인다는,-2.0
속임,-2.0
속임수,-2.0
속절없다,-1.0
속절없이,-1.0
속죄,1.0
속태,-2.0
손부끄러이,-1.0
손부끄럽다,-1.0
손상되다,-2.0
손상되어,-1.0
손상된,-2.0
손상을,-1.0
손상이나,-1.0
손해,-2.0
손해가,-2.0
손해나,-2.0
손해를,-2.0
손해의,-2.0
솔직하다,2.0
솔직한,2.0
솟아나는,1.0
송구스럽거나,-2.0
송구스럽게,-2.0
쇠멸하다,-2.0
쇠약감,-1.0
쇠약하다,-1.0
쇠약한,-2.0
쇠약해져서,-2.0
쇠약해지는,-2.0
쇠약해지면서,-1.0
쇠약해진,-2.0
쇠잔하여,-2.0
쇠퇴하여,-2.0
쇠퇴한,-2.0
쇠하여지다,-2.0
수고가,0.0
수고하는,1.0
수군덕수군덕하다,-1.0
수긍하다,1.0
수꼴,-1.0
수더분하거나,0.0
수더분하게,0.0
수두,-1.0
수막염,-1.0
수면부족,-2.0
수상쩍거나,-1.0
수선,-1.0
수선스러워,-1.0
수선스럽게,-1.0
수선스럽고,-1.0
수선스럽다,-1.0
수선을,-1.0
수수하다,1.0
수습하는,1.0
수습하다,1.0
수월하게,2.0
수월하다,2.0
수익,1.0
수익을,1.0
수줍다,0.0
수줍음만,0.0
수척하다,-2.0
수치스러운,-2.0
수치와,-2.0
수치플,-1.0
수혜,1.0
수혜자,1.0
숙련된,1.0
순결,2.0
순결무구하다,1.0
순박하게,1.0
순수하게,1.0
순수하고,1.0
순수하다,1.0
순수한,1.0
순수화,1.0
순수화하다,1.0
순순하다,1.0
순순히,1.0
순정파,1.0
순정하다,1.0
순조롭게,2.0
순종하는,1.0
순진하게,1.0
순탄하게,1.0
순탄하고,1.0
순편하다,1.0
순편히,1.0
순하게,1.0
순하다,1.0
순한,1.0
술렁거리어,-1.0
숨김없이,1.0
숭상하여,2.0
쉬거나,-2.0
쉬면서,1.0
쉬워지다,1.0
쉴드,1.0
쉽거나,2.0
쉽게,1.0
스산하고,-2.0
스스럼없이,1.0
스트레스,-2.0
스포,-1.0
슬기,2.0
슬기로운,2.0
슬기로움을,2.0
슬기롭고,2.0
슬기롭다,2.0
슬퍼,-2.0
슬퍼서,-2.0
슬퍼져서,-2.0
슬퍼지다,-2.0
슬퍼하고,-2.0
슬퍼하다,-2.0
슬퍼하면서,-2.0
슬퍼함,-2.0
슬프게,-2.0
슬프고,-2.0
슬프기,-2.0
슬프다,-2.0
슬프도다,-2.0
슬픈,-2.0
슬플,-2.0
슬픔,-2.0
슬픔으로,-2.0
슬픔을,-2.0
슬픔이,-2.0
슬픔이나,-2.0
슬피,-2.0
슴벅거리다,-1.0
습진,-1.0
승낙하다,2.0
승리,2.0
승리하다,2.0
시그럽다,-1.0
시근시근하다,-1.0
시기하고,-1.0
시기하는,-2.0
시기하다,-2.0
시기하여,-2.0
시기함,-2.0
시끄럽거나,-2.0
시끄럽게,-2.0
시끄럽고,-2.0
시끄럽다,-2.0
시달리다,-2.0
시달림,-2.0
시달림으로,-2.0
시든,-2.0
시들고,-2.0
시들다,-2.0
시들대다,-2.0
시들면서,-2.0
시들시들,-2.0
시들어,-2.0
시들어서,-2.0
시들하게,-2.0
시들하다,-2.0
시들한,-2.0
시들해져서,-2.0
시련이,-1.0
시름시름,-2.0
시름하는,-2.0
시름하여,-2.0
시망,-2.0
시무룩,-2.0
시무룩하다,-2.0
시묵룩이,-2.0
시발비용,-1.0
시비,-2.0
시비가,-2.0
시비에,-2.0
시비하는,-2.0
시새움,-2.0
시샘,-2.0
시샘이,-2.0
시시하거나,-1.0
시시하다,-2.0
시시한,-2.0
시원스러운,2.0
시원스럽게,2.0
시원스럽고,2.0
시원스럽다,2.0
시원스럽도록,2.0
시원스레,2.0
시원시원,2.0
시원시원하다,2.0
시원시원히,2.0
시원찮다,-2.0
시원하게,2.0
시원하고,2.0
시원하다,1.0
시원하여,1.0
시원한,1.0
시장하거나,-1.0
시체를,-2.0
시치미를,-1.0
시큰거리고,-1.0
시큰둥하다,-1.0
시큰둥한,-1.0
식견,1.0
식상,-1.0
식상하다,-1.0
식중독,-1.0
신경증,-1.0
신경질,-1.0
신경질쟁이,-1.0
신경질적,-1.0
신경질적으로,-1.0
신경질적인,-1.0
신기하다,1.0
신나다,2.0
신령스러운,1.0
신령하다,1.0
신령하여,1.0
신뢰,1.0
신뢰하다,1.0
신명,2.0
신명하다,2.0
신묘하게,1.0
신물,-1.0
신바람,2.0
신박하다,1.0
신선하다,1.0
신성한,1.0
신중,1.0
신중하다,1.0
신중한,1.0
신중히,1.0
신컨,1.0
신통하다,1.0
실랑이를,-1.0
실망,-2.0
실망감,-2.0
실망낙담,-2.0
실망낙담하다,-2.0
실망스럽고,-2.0
실망스럽다,-2.0
실망하다,-2.0
실망한,-2.0
실망함,-2.0
실속,1.0
실속없이,-2.0
실속이,1.0
실수,-1.0
실수가,-1.0
실수나,-1.0
실수를,-1.0
실심,-2.0
실심하다,-2.0
실없거나,-2.0
실없고,-2.0
실없는,-2.0
실없다,-2.0
실없이,-2.0
실용적,1.0
실용적이다,2.0
실용적인,2.0
실천적인,1.0
실패나,-2.0
실패로,-2.0
실패하거나,-2.0
실패함을,-2.0
실하게,2.0
실하고,2.0
실하다,2.0
싫거나,-2.0
싫게,-2.0
싫고,-2.0
싫다,-2.0
싫다고,-2.0
싫도록,-2.0
싫어나다,-2.0
싫어서,-2.0
싫어지거나,-2.0
싫어지다,-2.0
싫어하고,-2.0
싫어하는,-2.0
싫어하다,-2.0
싫어하여,-2.0
싫어함을,-2.0
싫어해,-2.0
싫은,-2.0
싫을,-2.0
싫이,-2.0
싫증,-2.0
싫증이,-2.0
싫증이나,-2.0
심각성,-2.0
심각하게,-2.0
심각한,-2.0
심술,-2.0
심술궂게,-2.0
심술궂고,-2.0
심술궂다,-2.0
심술궂은,-2.0
심술꾸러기,-2.0
심술부리다,-2.0
심술스럽다,-2.0
심술을,-2.0
심술이,-2.0
심술이나,-2.0
심술쟁이,-2.0
심심하고,-1.0
심오하다,-2.0
심오한,1.0
심장마비,-2.0
심장병,-2.0
심쿵,2.0
심하거나,-2.0
심하게,-2.0
심하다,-2.0
심하면,-2.0
심한,-2.0
싱거운,-1.0
싱겁게,-1.0
싱겁다,-1.0
싱그럽다,2.0
싱글거리다,2.0
싱글대다,2.0
싱글벙글,2.0
싱글벙글하다,2.0
싱긋대다,1.0
싱싱하고,2.0
싱싱하다,2.0
싱싱한,2.0
싱싱히,2.0
싸근싸근히,2.0
싸글싸글히,2.0
싸늘한,-1.0
싸우다,-2.0
싸움,-1.0
싹싹하고,2.0
싹싹한,1.0
쌀쌀맞고,-1.0
쌀쌀맞다,-1.0
쌀쌀한,-1.0
써글써글히,2.0
썩거나,-2.0
썩는,-2.0
썩소,-1.0
썩어서,-2.0
썩이다,-2.0
썩임,-2.0
썰렁한,-1.0
쏘아붙이는,-2.0
쑤시고,-1.0
쑤시는,-1.0
쑤시다,-1.0
쑤시듯이,-1.0
쑤시며,-1.0
쑥스럽다,-1.0
쓰라리다,-2.0
쓰라린,-2.0
쓰라림,-2.0
쓰러뜨리다,0.0
쓰러져,-2.0
쓰러지거나,-2.0
쓰러지다,-2.0
쓰러질,-2.0
쓰리고,-2.0
쓰리다,-2.0
쓰며,-2.0
쓸데없거나,-2.0
쓸데없는,-2.0
쓸데없다,-2.0
쓸데없음을,-2.0
쓸데없이,-2.0
쓸모없고,-1.0
쓸모없다,-2.0
쓸모없이,-2.0
쓸쓸하게,-2.0
쓸쓸하고,-2.0
쓸쓸하다,-2.0
쓸쓸한,-2.0
쓸쓸함,-2.0
쓸쓸히,-2.0
씀벅대다,-1.0
씁쓰레,-1.0
씁쓰레하게,-1.0
씁쓰레하다,-1.0
씁쓰름하다,-1.0
씁씁하다,-1.0
씩씩하게,1.0
씩씩하고,1.0
씩씩하다,1.0
씹다,-1.0
씹히는,-1.0
아기자기하거나,1.0
아기자기하게,1.0
아까움,-1.0
아까워서,-1.0
아까워하다,-1.0
아깝게,-1.0
아깝다,-1.0
아끼고,1.0
아끼다,1.0
아끼어,1.0
아낌없이,1.0
아늑한,1.0
아니꼬운,-2.0
아니꼽거나,-2.0
아니꼽다,-2.0
아니다,-2.0
아니하고,-2.0
아니하다,-2.0
아담하고,1.0
아둔하고,-2.0
아득하다,-1.0
아름다우며,2.0
아름다운,2.0
아름다움,2.0
아름다움과,2.0
아름다움을,2.0
아름다움이나,2.0
아름다워,2.0
아름다워서,2.0
아름답거나,2.0
아름답게,2.0
아름답고,2.0
아름답다,2.0
아리고,-2.0
아리다,-2.0
아리땁다,2.0
아무렇게나,-1.0
아물아물,-1.0
아삭아삭한,1.0
아삭하다,1.0
아수록하다,-1.0
아쉬움,-1.0
아쉬워하는,-1.0
아쉬워하다,-1.0
아쉽거나,-1.0
아쉽다,-1.0
아슬아슬하고,-1.0
아오안,-1.0
아찔하다,-1.0
아찔하여지다,-1.0
아첨을,-1.0
아첨하고,-1.0
아첨하는,-1.0
아첨하다,-1.0
아첨하여,-1.0
아첨함을,-1.0
아파,-2.0
아파서,-2.0
아파하는,-2.0
아파하다,-2.0
아프거나,-2.0
아프게,-2.0
아프고,-2.0
아프다,-2.0
아프며,-2.0
아프면서,-2.0
아픈,-2.0
아플,-2.0
아픔,-2.0
아픔을,-2.0
악당,-1.0
악독하게,-2.0
악독한,-2.0
악마,-2.0
악마에,-1.0
악명높은,-1.0
악몽,-2.0
악성,-2.0
악순환,-2.0
악업,-2.0
악업을,-2.0
악에,-2.0
악연,-2.0
악의,-2.0
악의의,-1.0
악의적,-1.0
악의적인,-2.0
악인연,-2.0
악지를,-1.0
악취,-1.0
악플,-2.0
악하고,-2.0
악하다,-2.0
악한,-2.0
악화되다,-2.0
안궁,-1.0
안달,-1.0
안달복달,-1.0
안달복달하다,-1.0
안도,1.0
안도감,1.0
안도하다,1.0
안락,1.0
안락하게,1.0
안락하다,1.0
안목,1.0
안물,-1.0
안습,-1.0
안심,1.0
안심감,1.0
안심이,1.0
안심찮다,-2.0
안심하다,1.0
안쓰러워하다,-1.0
안쓰럽다,-1.0
안전,2.0
안전하다,1.0
안전한,2.0
안전함,1.0
안절부절,-1.0
안절부절못하는,-1.0
안절부절못하다,-1.0
안절부절하다,-1.0
안정,1.0
안정되게,1.0
안정한,1.0
안존하다,1.0
안처하다,1.0
안타까울,-2.0
안타까워,-2.0
안타까워서,-2.0
안타까워하는,-2.0
안타까워하다,-2.0
안타깝거나,-2.0
안타깝게,-2.0
안타깝고,-2.0
안타깝다,-2.0
알맞게,1.0
알맞다,1.0
알못,-1.0
알알한,-1.0
알짝지근하다,-1.0
알짤지근한,-1.0
알차고,2.0
앓거나,-2.0
앓고,-2.0
앓는,-2.0
앓다,-2.0
앓아도,-2.0
앓아서,-1.0
앓을,-1.0
앓음,-2.0
암담한,-1.0
암상스러운,-2.0
암상스럽게,-2.0
암으로,-2.0
압도하다,1.0
압박감을,-1.0
압박하여,-1.0
압억되다,-2.0
앙갚음으로,-2.0
앙갚음하려고,-2.0
앙갚음할,-2.0
앙칼지게,-1.0
앙큼하게,-1.0
앙큼하다,0.0
앞잡이,-1.0
앞질러,1.0
애달파하는,-2.0
애달파하다,-2.0
애달프게,-2.0
애달프다,-2.0
애도함,-2.0
애석,-2.0
애석하다,-2.0
애쓰는,-1.0
애쓰다,-1.0
애옥살림하다,-1.0
애절한,-2.0
애정,1.0
애정이나,1.0
애지석지,2.0
애지석지하다,2.0
애지중지,2.0
애지중지하다,2.0
애착,1.0
애착하다,1.0
애처가,1.0
애처로이,-2.0
애처롭거나,-2.0
애처롭게,-2.0
애처롭고,-2.0
애처롭다,-2.0
애타는,-1.0
애타심,1.0
애타적,1.0
애탄,-2.0
애통,-2.0
애통하다,-2.0
애통할,-2.0
애통히,-2.0
애틋하게,1.0
야단스러워지는,-1.0
야단스럽게,-1.0
야단스럽고,-1.0
야들야들하게,1.0
야들야들한,1.0
야멸치게,-2.0
야멸치고,-2.0
야무지게,2.0
야무지고,2.0
야무지다,2.0
야무진,1.0
야물다,1.0
야박스럽다,-2.0
야박히,-2.0
야비하다,-2.0
야비한,-2.0
야살스러운,-2.0
야살스러움,-2.0
야살스럽게,-2.0
야속,-2.0
야속스럽다,-2.0
야속스레,-2.0
야속하게,-2.0
야속하다,-2.0
야속히,-2.0
야위거나,-1.0
야위고,-1.0
야위다,-1.0
야위어,-1.0
야윈,-1.0
야유할,-2.0
야풍,-2.0
야필패,-1.0
약빠르고,-1.0
약빠르지,-1.0
약삭빠르다,1.0
약점,-2.0
약점을,-1.0
약탈하거나,-2.0
약하거나,-1.0
약하고,-1.0
약하다,-1.0
약하면,-1.0
약하여,-1.0
약하여서,-1.0
약하여져서,-1.0
약하여지는,-1.0
약한,-1.0
약해져서,-1.0
약해지다,-1.0
약해진,-1.0
얄망궂고,-1.0
얄망궃고,-2.0
얄미운,-2.0
얄미울,-2.0
얄밉게,-2.0
얄밉고,-2.0
얄밉다,-2.0
얌전하고,1.0
얌치없이,-1.0
양득,1.0
얕보다,-1.0
얕잡거나,-2.0
얕잡아,-2.0
어그러뜨리다,-1.0
어그러지고,-1.0
어그러지다,-1.0
어긋나,-1.0
어긋나게,-1.0
어긋나고,-1.0
어긋나는,-1.0
어긋나다,-1.0
어기다,-1.0
어두침침하게,-1.0
어두침침하고,-1.0
어둑하다,-1.0
어둡거나,-1.0
어둡고,-1.0
어둡다,-1.0
어려우며,-2.0
어려운,-2.0
어려울,-2.0
어려움,-2.0
어려움에,-2.0
어려워,-2.0
어려워서,-2.0
어려워하는,-2.0
어려워하다,-2.0
어렴풋하다,-1.0
어렵거나,-2.0
어렵게,-2.0
어렵고,-2.0
어렵다,-2.0
어름어름,-1.0
어리둥절하여,-1.0
어리벙,-1.0
어리벙벙,-1.0
어리벙벙하게,-1.0
어리벙벙하다,-1.0
어리벙벙하여,-1.0
어리빙빙하다,-1.0
어리삥삥하다,-1.0
어리석게,-2.0
어리석고,-2.0
어리석다,-2.0
어리석어,-2.0
어리석어서,-2.0
어리석으며,-2.0
어리석은,-2.0
어리석음,-2.0
어리숙하다,-2.0
어물어물,-1.0
어물어물하다,-1.0
어색스럽다,-1.0
어색하거나,-1.0
어색하고,-1.0
어색하다,-1.0
어색한,-1.0
어설프게,-1.0
어설프고,-1.0
어설프다,-1.0
어설프며,-1.0
어설픈,-1.0
어설피,-1.0
어수룩하고,-1.0
어수룩한,-1.0
어수선하거나,-1.0
어수선하게,-1.0
어수선하고,-1.0
어수선하다,-1.0
어수선하여,-1.0
어수선한,-1.0
어수선함,-1.0
어여뿌다,2.0
어여쁘다,2.0
어울려,2.0
어울리게,2.0
어울리고,2.0
어울리는,2.0
어울리다,2.0
어울리어,2.0
어이없다,-1.0
어이없을,-1.0
어이없이,-1.0
어정쩡히,-1.0
어줍거나,-2.0
어줍잖다,-2.0
어중간한,-1.0
어지간하게,1.0
어지러우며,-1.0
어지러운,-1.0
어지러워,-1.0
어지러워서,-1.0
어지러워지는,-1.0
어지럼증,-1.0
어지럽거나,-1.0
어지럽게,-1.0
어지럽고,-1.0
어지럽다,-1.0
어지럽도록,-1.0
어지르다,-1.0
어진,2.0
어질고,2.0
어질다,1.0
어쭙잖다,-2.0
어찔어찔하다,-1.0
어찔어찔한,-1.0
어처구니없는,-1.0
어처구니없다,-1.0
어처구니없다고,-1.0
어처구니없이,-1.0
어필하다,1.0
억누르거나,-2.0
억누르고,-2.0
억누르는,-2.0
억누르다,-2.0
억누름,-2.0
억눌러,-2.0
억눌리다,-2.0
억세다,-1.0
억세어,-1.0
억압,-2.0
억압되다,-2.0
억울하거나,-2.0
억울하게,-2.0
억울하다,-2.0
억울하여,-2.0
억울한,-2.0
억울함,-2.0
억제하며,-1.0
억지,-1.0
억지가,-1.0
억지감,-1.0
억지로,-1.0
억지를,-1.0
억지스러운,-1.0
억지스럽다,-1.0
억척스럽고,0.0
억척스럽다,-2.0
언짢거나,-2.0
언짢게,-2.0
언짢고,-2.0
언짢다,-2.0
언짢아서,-2.0
언짢아지다,-2.0
언짢아하다,-2.0
언짢았던,-2.0
언짢은,-2.0
언짢을,-2.0
언짢음,-2.0
언짢이,-2.0
얻어맞을,-1.0
얼기설기하다,-1.0
얼떨떨하다,-1.0
얼떨떨하여,-1.0
얼떨떨한,-1.0
얼떨떨해지다,-1.0
얼떨떨해하다,-1.0
얼렁뚱땅하는,-1.0
얼렁뚱땅하여,-1.0
얼버무리다,-1.0
얼빠져,-1.0
얼빠진,-1.0
얼얼하다,-1.0
얼얼한,-2.0
얽매여서,-1.0
얽은,-1.0
얽히거나,-1.0
엄격하여,-1.0
엄살을,-1.0
엄친아,2.0
엄하다,1.0
업귀,-2.0
업신여겨,-2.0
업신여겨지거나,-2.0
업신여기거나,-2.0
업신여기고,-2.0
업신여기는,-2.0
업신여기다,-2.0
업신여기어,-2.0
업신여기어지거나,-2.0
업신여김,-2.0
업신여김을,-2.0
업적,1.0
업적을,1.0
업적이나,1.0
없다,-1.0
없애다,-2.0
없어서,-1.0
없어져,-1.0
없어지다,-1.0
없어진,-1.0
없어짐,-1.0
없으면서,-1.0
없음을,-1.0
엇서며,-1.0
엉너리로,-1.0
엉뚱하게,-1.0
엉뚱하고,-1.0
엉뚱한,-1.0
엉성하고,-1.0
엉성하다,-1.0
엉성한,-1.0
엉큼하게,-1.0
엉큼하고,-1.0
엉큼한,-1.0
엉터리,-2.0
엎어지게,-1.0
엎어지는,-1.0
엘리트,1.0
엘리트하다,2.0
엘리트한,1.0
여리다,-1.0
여병추,-2.0
여옥기인,2.0
여위거나,-1.0
여위고,-1.0
여위어,-1.0
여위우다,-1.0
여윈,-1.0
여유,1.0
여유로운,1.0
여유롭다,1.0
여유를,1.0
역겹다,-2.0
역겹도록,-2.0
역경,-1.0
역사적인,0.0
역전패,-1.0
역전패하다,-1.0
역전하다,1.0
역정,-2.0
역정을,-2.0
역정이,-2.0
역증,-2.0
역투하다,1.0
역한,-2.0
연덕,-1.0
연민,-1.0
연민스럽다,-1.0
연민이나,-1.0
연민하다,-1.0
연애,1.0
연애를,1.0
연하게,1.0
연하고,1.0
열공,1.0
열광,2.0
열광하다,2.0
열렬히,2.0
열받다,-2.0
열병이나,-2.0
열성병,-1.0
열성이,1.0
열심히,1.0
열없다,-1.0
열없이,-1.0
열정,1.0
열중하는,1.0
열중하다,1.0
열증,-1.0
열폭,-2.0
염려가,-2.0
염모,1.0
염모하다,1.0
염증,-2.0
염치없이,-1.0
엿보거나,-1.0
영광,2.0
영광스럽고,2.0
영광스럽다,2.0
영롱하다,2.0
영리하게,2.0
영리하고,2.0
영리하다,1.0
영리한,2.0
영리해서,2.0
영악한,-1.0
영양실조로,-1.0
영예,1.0
영예로운,1.0
영웅,2.0
영정,-2.0
영특하고,2.0
예민하거나,-1.0
예방,1.0
예방하다,1.0
예뻐지다,2.0
예쁘게,2.0
예쁘고,2.0
예쁘다,2.0
예쁘다를,2.0
예쁜,2.0
예사롭게,0.0
예술적,1.0
예술적인,1.0
예스러운,1.0
예의,1.0
예의를,1.0
예의와,1.0
오그라들다,-1.0
오답,-1.0
오도,-2.0
오도되다,-2.0
오도하다,-1.0
오래되거나,-1.0
오붓하게,2.0
오순도순,2.0
오슬오슬하다,-1.0
오싹,-1.0
오싹거리다,-1.0
오싹대다,-1.0
오싹오싹하다,-1.0
오싹하다,-1.0
오염,-1.0
오염되다,-2.0
오염된,-2.0
오용,-2.0
오용하다,-1.0
오점,0.0
오크,-1.0
오한,-1.0
오한과,-1.0
오한이,-1.0
오해,-1.0
오해하다,-1.0
옥신각신하며,-1.0
온순하게,1.0
온순하다,1.0
온순한,1.0
온전하게,1.0
온전하다,1.0
온전한,1.0
온하다,1.0
온화하게,2.0
온화하고,2.0
온화하다,2.0
온화한,2.0
온환하게,1.0
올바로,2.0
올바르게,2.0
올바르고,2.0
올바르다,2.0
올바른,2.0
올바름,2.0
옮아,-1.0
옳거나,2.0
옳게,2.0
옳고,2.0
옳다,1.0
옳은,1.0
옹골차고,1.0
옹골차다,1.0
옹졸하고,-2.0
옹졸하다,-2.0
옹졸한,-2.0
와해하거나,-2.0
완벽하다,2.0
완벽한,1.0
완성,1.0
완성된,1.0
완성품으로,1.0
완성하다,1.0
완소,2.0
완전무결한,2.0
완전하게,1.0
완전하고,1.0
완전하다,1.0
왕성하게,1.0
왕성하다,1.0
왕성해지는,1.0
외로운,-1.0
외로워,-1.0
외로워하다,-1.0
외로이,-1.0
외롭거나,-1.0
외롭다,-1.0
외설스러운,-1.0
요긴한,1.0
요란스러운,-1.0
요란스럽게,-1.0
요란하게,-1.0
요란하고,-1.0
요란하다,-1.0
요령이,1.0
요망스러운,-2.0
요망스러움,-2.0
요망스럽게,-2.0
요망한,-2.0
요사스러운,-2.0
요사한,-2.0
요염하다,1.0
요염함,1.0
욕되게,-2.0
욕되고,-2.0
욕설,-2.0
욕설을,-2.0
욕심,-1.0
욕심껏,-1.0
욕심꾸러기,-1.0
욕심부리다,-1.0
욕심스럽다,-1.0
욕심을,-1.0
욕심이,-1.0
욕심쟁이,-1.0
욕으로,-2.0
욕을,-2.0
욕하거나,-2.0
욕하다,-2.0
욕하며,-2.0
욕하여,-2.0
욕함,-2.0
용감,1.0
용감하게,2.0
용감하고,2.0
용감하다,2.0
용감한,1.0
용감함,1.0
용감히,2.0
용기,1.0
용기가,1.0
용기를,1.0
용기와,1.0
용납함,1.0
용렬하게,2.0
용서되다,1.0
용서하다,1.0
용서함,1.0
용이하다,1.0
용이한,1.0
용이함,1.0
용자,1.0
용하다,1.0
용한,1.0
우격다짐으로,-2.0
우그러져,-1.0
우그러지게,-1.0
우그러지고,-1.0
우기거나,-1.0
우기는,-1.0
우기다,-1.0
우는,-1.0
우러러,2.0
우렁우렁,1.0
우렁차고,1.0
우렁차다,1.0
우려스럽다,-2.0
우려하다,-2.0
우물거리며,-1.0
우물거림,-1.0
우물우물하며,-1.0
우물쭈물하는,-1.0
우물쭈물하다,-1.0
우수,2.0
우수하다,2.0
우수한,2.0
우스꽝스럽다,-1.0
우스꽝스레,-1.0
우스운,-1.0
우습게,-1.0
우습고,-1.0
우습다,-1.0
우아하게,2.0
우아하고,2.0
우아하다,2.0
우아한,1.0
우아함,2.0
우악스러운,-2.0
우악스러움,-2.0
우악스럽게,-2.0
우악스럽다,-2.0
우울,-2.0
우울증,-2.0
우울증의,-2.0
우울하게,-2.0
우울하다,-2.0
우울하여,-2.0
우울하여지기,-2.0
우울한,-2.0
우월성,2.0
우월하다,2.0
우유부단하다,-1.0
우중충하다,-2.0
우중충히,-2.0
우직스럽게,-1.0
우직하고,-1.0
우쭐,1.0
우쭐거리는,1.0
우쭐거리다,1.0
우쭐대다,1.0
우쭐하는,1.0
우쭐하다,1.0
우쭐해하다,1.0
우치,-1.0
우호적,1.0
울거나,-2.0
울걱,-2.0
울걱거리다,-2.0
울걱대다,-2.0
울걱울걱,-2.0
울걱하다,-2.0
울고,-2.0
울꺽대다,-2.0
울다,-2.0
울렁거리는,-1.0
울렁거리다,-1.0
울렁대다,-1.0
울려고,-2.0
울보,-1.0
울분,-2.0
울분하다,-2.0
울상이,-2.0
울음,-2.0
울음소리,-2.0
울음이,-2.0
울컥대다,-2.0
울컥하다,-2.0
울화,-2.0
울화로,-2.0
움질대다,-1.0
움츠러드는,-1.0
움츠러들거나,-1.0
움츠리는,-1.0
움츠리다,-1.0
움츠린다는,-1.0
움츠림을,-1.0
웃기는,1.0
웃기려고,0.0
웃는,2.0
웃다,2.0
웃다성글대다,2.0
웃으며,2.0
웃으면서,2.0
웃을,2.0
웃음바다,1.0
웅장하고,1.0
웅장한,1.0
원대하다,-1.0
원동력,1.0
원만하거나,1.0
원만하게,1.0
원만하고,1.0
원만하다,1.0
원만한,1.0
원망,1.0
원망과,-2.0
원망스럽게,-2.0
원망스럽고,-2.0
원망스럽다,-2.0
원망이나,-2.0
원망하는,-2.0
원망하다,-2.0
원망하듯,-2.0
원통,1.0
원통하거나,-2.0
원통하게,-2.0
원통하고,-2.0
원통하다,1.0
원통하여,-2.0
원통한,-2.0
원하다,0.0
원한,-2.0
원한이,-2.0
원한이나,-2.0
원활하여,2.0
월등히,2.0
웬만하여,1.0
웰빙,2.0
위급한,-1.0
위기,-1.0
위기적,-1.0
위꼴사,1.0
위대하다,2.0
위대한,2.0
위반되어,-1.0
위반한,-1.0
위배하다,-1.0
위법,-1.0
위엄을,2.0
위엄있는,1.0
위장염의,-2.0
위조,-1.0
위조하거나,-1.0
위조하다,-1.0
위조함으로써,-1.0
위축,-1.0
위축감,-1.0
위축되다,-1.0
위태로운,-1.0
위태로움,-2.0
위태로움을,-1.0
위태롭거나,-1.0
위태롭게,-1.0
위태롭다,-1.0
위태하여,-1.0
위트,2.0
위하는,1.0
위험이,-2.0
위험하다,-2.0
위험한,-2.0
위협에,-2.0
위협을,-2.0
위협적이거나,-2.0
위협하거나,-2.0
위협하기,-2.0
위협하는,-2.0
위협하다,-2.0
위협하여,-2.0
유감,-1.0
유감스러운,-1.0
유감스럽다,-1.0
유능하다,2.0
유능한,2.0
유들유들한,-1.0
유리하다,1.0
유리하도록,1.0
유리한,2.0
유명하다,2.0
유명한,1.0
유명해지다,1.0
유요함을,1.0
유용하다,2.0
유용한,2.0
유익하다,2.0
유익한,2.0
유죄,-2.0
유지함,2.0
유창하게,2.0
유창하다,1.0
유창한,2.0
유치하다,-1.0
유쾌감,2.0
유쾌하게,2.0
유쾌하고,2.0
유쾌하다,2.0
유쾌한,2.0
유쾌함,2.0
유쾌히,2.0
윤기,1.0
윤기가,1.0
윤리적인,1.0
윤택하게,1.0
융통성,1.0
융통하거나,1.0
으름장을,-1.0
으스스,-1.0
으시시,-1.0
으쓱,2.0
으쓱거리다,2.0
으쓱으쓱,2.0
으쓱으쓱하다,2.0
으쓱이다,2.0
으쓱하다,2.0
윽박,-2.0
윽박다,-2.0
윽박지르다,-2.0
윽박질,-2.0
윽박질하다,-2.0
윽윽거리다,0.0
윽윽대다,0.0
윽윽하다,0.0
은총,2.0
은혜,2.0
은혜나,2.0
은혜로운,1.0
은혜롭다,2.0
은혜를,2.0
은혜에,2.0
은혜와,2.0
을러대고,-2.0
을러대어,-2.0
음기,-2.0
음란하고,-1.0
음란하다,-2.0
음란한,-2.0
음모,-2.0
음산하고,-1.0
음침하다,-1.0
음침한,-2.0
음침함,-2.0
음흉하고,-2.0
음흉하다,-2.0
음흉한,-2.0
응석을,-1.0
응어리진,-1.0
의기가,1.0
의기소침,-1.0
의기소침하다,-1.0
의기양양,1.0
의기양양하게,1.0
의기양양하다,1.0
의기양양하여,1.0
의기저상,-1.0
의기저상하다,-1.0
의로운,2.0
의롭다,2.0
의심,-1.0
의심나다,-1.0
의심되다,-1.0
의심스러운,-2.0
의심스럽거나,-1.0
의심스럽고,-1.0
의심스럽다,-1.0
의심쩍다,-1.0
의심하는,-1.0
의심하다,-1.0
의아스러운,-1.0
의아심,-1.0
의아하다,-1.0
의욕,1.0
의욕이나,1.0
의인,-2.0
의젓하거나,1.0
의젓하고,1.0
의젓하다,-2.0
의젓한,1.0
의존성이,-1.0
의좋게,1.0
의지하다,1.0
의합하다,2.0
의회,-1.0
의회하다,-1.0
이간질하다,-1.0
이기거나,1.0
이기다,1.0
이기적,-2.0
이기적인,-2.0
이끌리는,1.0
이득,2.0
이득을,2.0
이득이나,2.0
이랬다저랬다,-1.0
이로우며,2.0
이롭거나,2.0
이롭게,2.0
이루거나,1.0
이루다,1.0
이루어,1.0
이루어지다,1.0
이루어지도록,1.0
이룩하다,1.0
이룩함,1.0
이룸,1.0
이뭐병,-1.0
이바지하다,1.0
이벤트,1.0
이별하다,-1.0
이쁘다,2.0
이쁘장스럽다,2.0
이쁜,2.0
이상하게,-1.0
이상하다,-1.0
이성적,2.0
이성적인,2.0
이야기하다,-1.0
이이없다,-1.0
이익,2.0
이익을,2.0
이익이,2.0
이죽이죽하면서,-2.0
이타적인,2.0
이해하거나,1.0
이해하고,1.0
이해하는,1.0
이혼을,-1.0
익살궂다,0.0
익살극,0.0
익살맞다,0.0
익살바르다,-1.0
익살배기,0.0
익살스럽게,0.0
익살스럽다,0.0
익살스레,0.0
익살을,0.0
익살쟁이,0.0
익숙하고,1.0
익숙하도록,1.0
익숙한,1.0
익숙해짐,1.0
익히게,1.0
인간애를,1.0
인기,1.0
인기있는,2.0
인기있다,2.0
인덕으로,1.0
인사불성이,-2.0
인상적이다,1.0
인색하게,-1.0
인색하다,-2.0
인색한,-2.0
인연이,1.0
인재를,1.0
인정,1.0
인정되거나,2.0
인정받는,2.0
인정받다,1.0
인정있는,1.0
인정있다,2.0
인정하다,1.0
인정하여,1.0
일깨워,1.0
일러바치다,-1.0
일류,-1.0
일방적으로,-1.0
일부러,-1.0
일진,-1.0
일품이다,2.0
잃거나,-1.0
잃게,-1.0
잃다,-1.0
잃어버리다,-1.0
잃었다,-1.0
잃은,-1.0
잃을,-1.0
임신구토,-1.0
임질,-1.0
잉여,-1.0
자괴,-2.0
자괴감,-2.0
자긍,1.0
자긍심,1.0
자기중심적,-1.0
자기하다,-1.0
자랑스런,1.0
자랑스럽다,2.0
자랑자랑하다,1.0
자랑하다,1.0
자리다,-1.0
자리자라한,-1.0
자리자리한,-1.0
자린,-1.0
자릿자릿하다,-1.0
자릿한,-1.0
자부하다,1.0
자비,1.0
자비로써,1.0
자비로운,1.0
자비로움을,1.0
자비를,1.0
자비심으로,1.0
자비심이,1.0
자비의,1.0
자빠지거나,-1.0
자빠지는,-1.0
자빠지다,-1.0
자상하게,2.0
자상하다,2.0
자세히,1.0
자송,-1.0
자송하다,-1.0
자신감,1.0
자신하다,1.0
자애로,2.0
자애를,2.0
자연스럽게,1.0
자연스럽다,1.0
자유로운,1.0
자유롭게,1.0
자지러지게,1.0
자지러지도록,-1.0
자지러질,-1.0
자질,1.0
자질구레한,-1.0
자책,-1.0
자책하다,-1.0
자폐하다,-2.0
자포자기,-1.0
자포자기하다,-1.0
자포하다,-1.0
자해,-2.0
자해하다,-1.0
작붕,-1.0
잔꾀로,-1.0
잔부끄러움,-1.0
잔소리,-1.0
잔소리나,-1.0
잔소리를,-1.0
잔인하다,-2.0
잔인한,-2.0
잗달고,-2.0
잘되고,2.0
잘되다,2.0
잘되어,2.0
잘된,2.0
잘될,2.0
잘됨,2.0
잘망스럽게,-1.0
잘먹다,2.0
잘못,-2.0
잘못되는,-2.0
잘못되어,-2.0
잘못되었거나,-2.0
잘못되었을,-2.0
잘못된,-2.0
잘못에,-2.0
잘못을,-2.0
잘못이,-2.0
잘못이나,-2.0
잘못하거나,-2.0
잘못하다,-2.0
잘못하여,-2.0
잘못함,-2.0
잘빠진,1.0
잘생겨,2.0
잘생기다,2.0
잘생긴,1.0
잘아지고,-1.0
잘하는,2.0
잘하다,2.0
잘한,2.0
잘해,2.0
잡되고,-2.0
잡스러운,-2.0
잡스럽게,-2.0
잡스럽다,-2.0
장난삼아,-1.0
장난스럽게,-1.0
장애,-2.0
장애가,-2.0
장애로,-2.0
장애를,-2.0
장애물을,-2.0
장애인,-2.0
장엄한,2.0
장점,2.0
장점을,2.0
장점이다,2.0
장하다,2.0
장학금,1.0
재난,-2.0
재난을,-1.0
재능,1.0
재능을,1.0
재능이라는,1.0
재미,2.0
재미가,1.0
재미없다,-1.0
재미있게,2.0
재미있는,2.0
재미있다,2.0
재밌는,2.0
재발하거나,-1.0
재앙,-2.0
재앙이,-2.0
재앙이나,-2.0
재주,1.0
재주를,1.0
재촉하다,-1.0
재촉하여,-1.0
재치,1.0
재치있다,1.0
재해와,-2.0
잴뚝대다,-1.0
저급,-1.0
저급하다,-1.0
저급한,-2.0
저는,-1.0
저렴하다,1.0
저리거나,-1.0
저리고,-1.0
저리다,-1.0
저린,-1.0
저릿한,-1.0
저버리다,-2.0
저주,-2.0
저주의,-2.0
저주하는,-2.0
저주하여,-2.0
저지른,-1.0
저품질,-1.0
저하되다,-1.0
저하시키다,-1.0
적극,1.0
적극적으로,1.0
적극적이다,-1.0
적극적인,1.0
적당하게,1.0
적당하다,1.0
적당한,1.0
적대적으로,-2.0
적절하게,1.0
적절한,2.0
적절히,2.0
적합하다,1.0
적합하도록,1.0
적확한,1.0
전문가,1.0
전성,1.0
전염병,-1.0
전전긍긍,-2.0
전전긍긍하다,-2.0
절거나,-1.0
절다,-1.0
절도질,-2.0
절망,-2.0
절망스럽다,-2.0
절망에,-2.0
절망으로,-2.0
절망적이다,-2.0
절망하다,-2.0
절며,-1.0
절면서,-1.0
절박하다,-1.0
절실하게,0.0
절실하다,0.0
절절매다,-1.0
절친,2.0
젊고,1.0
젊다,1.0
젊은,2.0
점잖게,2.0
점잖고,2.0
점잖다,2.0
점잖은,2.0
점잖이,2.0
접대하다,1.0
접대함,1.0
정결히,1.0
정겹고,2.0
정겹다,2.0
정교하고,1.0
정교한,1.0
정다운,2.0
정답게,2.0
정답고,2.0
정답다,2.0
정당하게,1.0
정당한,1.0
정돈되어,1.0
정돈하다,1.0
정밀하고,1.0
정밀한,1.0
정분이,1.0
정상,1.0
정성껏,1.0
정성스럽다,1.0
정성스레,1.0
정성으로,2.0
정성을,1.0
정성이,1.0
정성이나,1.0
정신병,-2.0
정신없다,-1.0
정신없이,-1.0
정신질환,-2.0
정연하게,1.0
정열,1.0
정의롭다,1.0
정의를,1.0
정정당당하다,2.0
정정당당한,2.0
정중하게,1.0
정중하다,2.0
정중한,1.0
정중히,1.0
정하다,1.0
정확하게,1.0
정확하고,1.0
정확한,1.0
제대로,1.0
제때에,1.0
제멋대로,-1.0
제한되거나,-1.0
제한적,-2.0
제한적인,-2.0
져서,-1.0
조걸위악하다,-2.0
조급하게,-1.0
조급하여,-1.0
조급한,-1.0
조급해지고,-1.0
조롱하거나,-1.0
조롱하다,-1.0
조르거나,-1.0
조르는,-1.0
조마조마하게,-1.0
조마조마하다,-1.0
조마조마하여,-1.0
조마조마한,-1.0
조마조마함,-1.0
조바심,-1.0
조바심이,-1.0
조바심하며,-1.0
조심스러움,1.0
조심스럽게,1.0
조심하다,-1.0
조심함,-1.0
조여들다,-1.0
조잡하다,-1.0
조잡한,-1.0
조화,2.0
조화되어,2.0
조화된,2.0
조화로운,2.0
조화로움,2.0
조화롭고,2.0
조화롭다,2.0
조화를,2.0
조화시키고,2.0
족치는,-2.0
존경,1.0
존경받는,2.0
존경받다,2.0
존경스럽거나,2.0
존경의,2.0
존경하는,2.0
존경하다,1.0
존귀하고,2.0
존귀한,2.0
존대를,2.0
존망,-1.0
존멸,-1.0
존멸하다,-1.0
존못,-2.0
존속하다,0.0
존예,2.0
존잘,2.0
존중,1.0
존중하다,1.0
졸도,-2.0
졸아들고,-1.0
졸임,-1.0
좀도둑,-1.0
좀스러워,-2.0
좀스럽게,-2.0
좀스럽고,-2.0
좀스럽다,-2.0
종기가,-1.0
종말,-1.0
종알거리거나,-1.0
종횡무진,0.0
좆같다,-2.0
좆같이,-2.0
좆다,-1.0
좆심,-1.0
좇다,0.0
좋거나,2.0
좋게,2.0
좋고,2.0
좋다,2.0
좋다고,2.0
좋아,2.0
좋아서,2.0
좋아지내다,2.0
좋아지다,2.0
좋아하거나,2.0
좋아하고,2.0
좋아하는,2.0
좋아하다,2.0
좋아하여,2.0
좋아함,2.0
좋아해,2.0
좋으면,2.0
좋은,2.0
좋은가봉가,1.0
좋은일하기운동,2.0
좋을,2.0
좋음,2.0
좋음을,2.0
좌빨,-1.0
좌욕,-2.0
좌절,-2.0
좌절하다,-2.0
좌좀,-1.0
죄가,-2.0
죄를,-2.0
죄범,-2.0
죄송히,-1.0
죄수,-2.0
죄스러울,-2.0
죄스럽다,-2.0
죄악감,-2.0
죄악관영,-2.0
죄악관영하다,-2.0
죄악만을,-2.0
죄악사,-2.0
죄악상,-2.0
죄악스럽다,-2.0
죄악스레,-2.0
죄악시,-2.0
죄악시되다,-2.0
죄악시하다,-2.0
죄악에,-2.0
죄악으로,-2.0
죄악을,-2.0
죄악이,-2.0
죄악이라고,-2.0
죄어들거나,-1.0
죄어들다,-1.0
죄어서,-1.0
죄어치다,-1.0
죄업,-2.0
죄에,-2.0
죄의식,-2.0
죄이거나,-1.0
죄인의,-2.0
죄인이,-2.0
죄지은,-2.0
주의하게,-1.0
주작,-1.0
주저앉거나,-1.0
주저앉다,-1.0
주저주저하거나,-1.0
주저주저하는,-1.0
주저주저하다,-1.0
주저하는,-1.0
주저하다,-1.0
주제넘게,-1.0
주제넘고,-2.0
주제넘다,-2.0
주책없는,-2.0
주책없다,-1.0
주책없이,-2.0
주체스럽게,-2.0
주춤,-1.0
주춤거리다,-1.0
주춤대다,-1.0
주춤병,-1.0
주춤주춤,-1.0
죽게,-1.0
죽기로,-1.0
죽기만을,-1.0
죽는,-1.0
죽다,-1.0
죽어서,-1.0
죽었을,-1.0
죽여서,-1.0
죽은,-1.0
죽을맛,-1.0
죽음,-1.0
죽음에,-1.0
죽음을,-1.0
죽음의,-2.0
죽이는,-1.0
죽이다,-1.0
죽임,-2.0
죽임을,-1.0
줄어들거나,-1.0
중단하다,-1.0
중대한,1.0
중독,-1.0
중병이,-2.0
중상,-2.0
중얼거리는,-1.0
중요하게,1.0
중요하고,1.0
중요하다,1.0
중요한,1.0
중풍,-2.0
중풍과,-1.0
중풍으로,-2.0
즐거운,2.0
즐거움,2.0
즐거움과,2.0
즐거움을,2.0
즐거움이,2.0
즐거워,2.0
즐거워하다,2.0
즐거워한다는,2.0
즐거워함,2.0
즐겁게,2.0
즐겁고,2.0
즐겁다,2.0
즐겨,2.0
즐기고,2.0
즐기기,2.0
즐기는,2.0
즐기다,2.0
즐기며,2.0
즐김,2.0
증오,-2.0
증오감,-2.0
증오심,-2.0
증오하다,-2.0
증오해,-2.0
지겨워하다,-2.0
지겹게,-2.0
지겹다,-2.0
지겹도록,-2.0
지경,-1.0
지근대다,-1.0
지긋지긋하고,-1.0
지껄이는,-1.0
지껄이다,-1.0
지껄이며,-1.0
지나치거나,-1.0
지나치게,-1.0
지나치다,-1.0
지나친,-2.0
지다,-1.0
지독하다,-2.0
지독한,-1.0
지루,-1.0
지루하게,-1.0
지루하고,-1.0
지루하다,-1.0
지루하여,-1.0
지루한,-1.0
지루해져서,-1.0
지못미,-1.0
지옥,-2.0
지저분하게,-2.0
지저분하고,-2.0
지저분하다,-2.0
지저분한,-2.0
지적이고,1.0
지적이다,2.0
지적인,2.0
지지,-1.0
지쳐,-1.0
지쳐서,-1.0
지치거나,-1.0
지치고,-1.0
지친,-1.0
지혜,2.0
지혜가,2.0
지혜로,2.0
지혜로부터,2.0
지혜로써,2.0
지혜로우며,1.0
지혜로운,1.0
지혜롭고,2.0
지혜롭다,2.0
지혜를,2.0
지혜와,2.0
지혜의,2.0
지혜이다,2.0
진국이다,2.0
진귀하고,2.0
진리,1.0
진리를,1.0
진리와,1.0
진물,-1.0
진물이,-1.0
진실,1.0
진실된,1.0
진실을,1.0
진실하고,1.0
진실하여,1.0
진실한,1.0
진저리,-2.0
진저리가,-2.0
진절머리,-2.0
진정되어,1.0
진정하다,1.0
진지충,-1.0
진집을,-1.0
진취적,1.0
진취적이다,2.0
진취적인,1.0
질겁,-1.0
질겁하다,-1.0
질기다,0.0
질리다,-1.0
질림,-1.0
질병,-2.0
질병을,-1.0
질병이,-2.0
질색,-2.0
질색하다,-2.0
질식시키거나,-1.0
질질거리다,-1.0
질투,-1.0
질투로,-1.0
질투심,-1.0
질투하다,-1.0
질환,-2.0
질환의,-1.0
집적거려,-2.0
집적거리거나,-2.0
집적집적,-2.0
집적집적하다,-2.0
짓궂게,-2.0
짓궂다,-2.0
짓궂은,-2.0
짓궃게,-2.0
짓궃고,-2.0
짓궃은,-2.0
짓눌러,-1.0
짓눌러서,-1.0
짓무르고,-1.0
짓무르다,-1.0
짓물러,-1.0
짓밟는,-1.0
짓밟다,-1.0
징그러운,-1.0
징그러울,-1.0
징그럽다,-1.0
징얼거리다,-1.0
징얼징얼,-1.0
징얼징얼하다,-1.0
징징거리다,-1.0
징징대다,-1.0
징징하다,-1.0
짖궂게,-2.0
짖궂은,-2.0
짜그라트리다,-1.0
짜르르대다,-1.0
짜릿하다,1.0
짜증,-2.0
짜증나는,-2.0
짜증나다,-1.0
짜증난,-2.0
짜증내다,-2.0
짜증스럽다,-2.0
짜증을,-2.0
짜증이,-2.0
짜지다,-1.0
짝남,1.0
짝녀,-1.0
짤뚜룩대다,-1.0
짧다,-1.0
짭짭대다,-1.0
쩔쩔매거나,-2.0
쩔쩔매는,-2.0
쩔쩔맴을,-2.0
쩝쩝대다,-2.0
쪼들려서,-1.0
쪼들리게,-2.0
쪼들린,-2.0
쭈그러들게,-1.0
쭈그러들다,-1.0
쭈그러듦,-1.0
쭈그러져,-1.0
쭈그렁이,-1.0
쭈글쭈글한,-1.0
찌그러져,-1.0
찌그러트리다,-1.0
찌꺼기,-1.0
찌들고,-1.0
찌르듯이,-1.0
찌푸리는,-1.0
찐따,-1.0
찔찔대다,-1.0
찝쩍대다,-2.0
찝찝하다,-2.0
찡그리다,-1.0
찡찡대다,-1.0
찡찡이,-1.0
찡찡한,-1.0
찢어져,-1.0
찢어진,-1.0
차가움을,-1.0
차도남,1.0
차도녀,1.0
차마,-1.0
착실하다,2.0
착실한,2.0
착잡하거나,-2.0
착취하여,-1.0
착하고,2.0
착하다,2.0
착하여,2.0
착한,2.0
찬란하거나,2.0
찬란하다,2.0
찬미하는,2.0
찬미한,2.0
찬사,1.0
찬양,2.0
찬양하는,2.0
찬양하다,2.0
찬양함,2.0
찬찬하고,1.0
찬찬하다,1.0
찬찬하며,1.0
찬찬한,1.0
찬칭하다,2.0
찬탄하고,2.0
찬탄하는,2.0
찬탄하여,2.0
찬탄한,2.0
참거나,-1.0
참견하는,-1.0
참견하다,-1.0
참견하여,-1.0
참다못한,-1.0
참다못해,-1.0
참다운,2.0
참담하다,-1.0
참담한,-2.0
참답게,2.0
참되고,2.0
참된,2.0
참신하다,1.0
참신한,2.0
참실하다,2.0
참으로,1.0
참형에,-2.0
참혹하게,-2.0
참혹하기,-2.0
참혹하다,-2.0
참혹하여,-2.0
참혹한,-2.0
참혹함을,-2.0
창녀,-2.0
창렬,-1.0
창렬스러운,-1.0
창렬이네,-1.0
창백한,-1.0
창의적,1.0
창의적이다,2.0
창의적인,1.0
창조적인,1.0
창피,-2.0
창피스럽다,-2.0
창피스레,-2.0
창피하게,-2.0
창피하다,-2.0
창피하여,-2.0
창피한,-2.0
창황하다,-2.0
채신없이,-2.0
책망,-2.0
책망하거나,-2.0
책망하다,-2.0
책망함,-2.0
책임감,1.0
책임감있는,1.0
책임지고,1.0
처량하고,-2.0
처량히,-2.0
처벌을,-2.0
처벌하여,-2.0
처연하다,-2.0
처지는,-1.0
처참하게,-2.0
처참하다,-2.0
처참히,-1.0
천박,-2.0
천박하게,-2.0
천박하고,-2.0
천박하다,-1.0
천박한,-1.0
천사,1.0
천식,-1.0
천진하게,1.0
천하고,-1.0
천하다,-1.0
천한,-1.0
철없는,-1.0
철저하고,1.0
철저하다,1.0
철컹철컹,-1.0
청결하다,2.0
청결한,2.0
청정하며,1.0
체하여,-1.0
쳐들어가거나,-1.0
쳐들어오다,-1.0
쳐들어옴,-1.0
쳐부수는,-1.0
초라하고,-2.0
초라하다,-2.0
초라한,-2.0
초상이,-2.0
초월,1.0
초월한,1.0
초조,-1.0
초조하고,-1.0
초조하다,-1.0
초조한,-1.0
초조해지고,-1.0
촌스러운,-1.0
촌스럽고,-1.0
촌스럽다,-1.0
촐랑거리며,-1.0
촐싹대다,-1.0
총명하고,2.0
최고,2.0
최고급,2.0
최고의,2.0
최상,1.0
최상급,2.0
최상의,2.0
최악,-2.0
최악의,-2.0
최저가,1.0
최적의,1.0
최적화,1.0
최적화하다,1.0
최절,-1.0
최좌,-2.0
추궁을,-1.0
추근대다,-2.0
추악해지다,-2.0
추운,-1.0
추워서,-1.0
추위,-1.0
추잡하다,-2.0
추잡한,-2.0
추저분하게,-2.0
추저분하다,-2.0
추저분한,-2.0
추진하다,1.0
추천하다,1.0
추하고,-2.0
추하다,-2.0
축냄,-1.0
축복,2.0
축복받다,1.0
축복하다,2.0
축하,2.0
축하하거나,2.0
축하하다,1.0
축하함,2.0
출려,2.0
출세시켜,2.0
출세하여,2.0
출혈,-1.0
춤을,1.0
춥거나,-1.0
충격,-1.0
충격으로,-1.0
충격을,-1.0
충공깽,-1.0
충동적,-1.0
충분하게,1.0
충분하고,1.0
충분하다,1.0
충분해서,1.0
충분히,1.0
충성,1.0
충성스러운,2.0
충성을,1.0
충성이라는,1.0
충성하다,1.0
충족되어,2.0
충치가,-1.0
취약하다,-2.0
취약한,-2.0
취존,1.0
취직하다,2.0
측은,1.0
측은스럽다,-2.0
측은지심,-2.0
측은하다,-2.0
치료하는,1.0
치료하다,1.0
치매가,-1.0
치밀어,-1.0
치사하고,-2.0
치사하여,-2.0
치욕,-2.0
치욕스럽다,-2.0
치우치게,-1.0
치통,-1.0
칙칙하다,-1.0
칙칙한,-1.0
칙칙함,-1.0
친구,1.0
친근하고,2.0
친근하다,2.0
친밀하게,2.0
친밀하다,1.0
친밀한,2.0
친밀함,2.0
친밀히,2.0
친숙해지다,1.0
친애,2.0
친애롭다,2.0
친애하다,2.0
친절,2.0
친절하게,2.0
친절하다,2.0
친절한,2.0
친하게,2.0
친하다,2.0
친한,2.0
친화적인,2.0
칠칠한,2.0
침울하고,-2.0
침체되다,-1.0
침침하다,-1.0
침침한,-1.0
침침해지다,-1.0
침해당거나,-1.0
침해당한,-1.0
침해당할,-1.0
침해한,-1.0
칭미하다,1.0
칭송하는,2.0
칭송할,2.0
칭송함,2.0
칭양하다,2.0
칭예하다,2.0
칭찬,2.0
칭찬받다,2.0
칭찬을,2.0
칭찬하고,2.0
칭찬하는,1.0
칭찬하다,2.0
칭찬하여,2.0
칭찬함,2.0
칭찬해,1.0
칼빵,-2.0
캄캄한,-1.0
캐리,1.0
캣맘,1.0
컴컴하다,-1.0
컹스,-1.0
케미,1.0
코와이네,-1.0
콜록콜록하는,-1.0
쾌감,1.0
쾌조,1.0
쾌활하게,1.0
쾌활하다,2.0
쾌활한,2.0
쿨룩대다,-1.0
쿨룽대다,-1.0
크다,1.0
클라스,1.0
킹왕짱,2.0
타격을,-2.0
타당하다,1.0
타당한,1.0
타들어,-1.0
타륵,1.0
타분하다,-2.0
탁월하다,2.0
탁월한,1.0
탁하다,-2.0
탄력이,1.0
탄복하다,2.0
탄복할,2.0
탄복함,2.0
탄식,-2.0
탄식하다,-2.0
탄식하여,-2.0
탄식할,-2.0
탄식함,-2.0
탄탄하다,1.0
탈영,-1.0
탈음증,-1.0
탈이,-1.0
탈진,-1.0
탈진하다,-1.0
탐관오리가,-1.0
탐내거나,-1.0
탐내는,0.0
탐내어,-1.0
탐묵,-1.0
탐묵하다,-1.0
탐스러운,2.0
탐스러울,2.0
탐스럽게,2.0
탐스럽다,2.0
탐욕스러운,-2.0
탐욕스러워진다는,-1.0
탐욕이,-2.0
탐하는,-1.0
탐하다,-1.0
탐하여,-1.0
탓하거나,-1.0
탓하다,-1.0
탕진잼,-1.0
탕평,1.0
탕평하다,1.0
태업,-1.0
태우다,-1.0
태움,-1.0
태평하게,1.0
태평한,1.0
터무니없거나,-2.0
터무니없는,-2.0
터무니없이,-2.0
텁텁하게,-1.0
텁텁하다,-1.0
텁텁하여,-1.0
텁텁한,-1.0
토끼다,-1.0
토달거리는,-1.0
토달거리다,-1.0
토라져,-1.0
토라져서,-1.0
토라지는,-1.0
토라지다,-1.0
토역질하다,-1.0
토하고,-1.0
토하는,-1.0
토하다,-1.0
토하려고,-1.0
토할,-1.0
톨톨대다,-2.0
통과되다,1.0
통달하고,1.0
통달하는,1.0
통달하여,1.0
통달한,1.0
통원하다,-1.0
통증,-1.0
통증을,-1.0
통쾌,2.0
통쾌감,1.0
통쾌하다,2.0
통탄하다,-2.0
통하다,1.0
투덜거리는,-1.0
투덜거리다,-1.0
투덜대는,-1.0
투덜대다,-1.0
투박하다,-1.0
투박한,-1.0
퉁명스러운,-2.0
퉁퉁하게,-1.0
퉁퉁하다,-1.0
트렌디하다,1.0
트롤,-1.0
트집을,-1.0
트집이나,-1.0
특권,2.0
특별하다,1.0
특별한,1.0
특이하다,1.0
특출하게,1.0
튼튼하게,1.0
튼튼하다,1.0
튼튼하여,1.0
튼튼히,1.0
틀딱,-1.0
틀딱충,-1.0
틀리거나,-1.0
틀리다,-1.0
틀린,-1.0
틀어지다,-1.0
틀어진,-1.0
티격태격하는,-1.0
파괴,-2.0
파괴되어,-1.0
파괴와,-1.0
파괴하다,-1.0
파괴하여,-1.0
파오후,-1.0
파울,-2.0
파출하다,-1.0
팔팔하다,1.0
패가망신한다는,-1.0
패배,-1.0
패배하다,-2.0
패하고,-1.0
패하다,-1.0
팽개치다,-1.0
페널티,-2.0
편견,-2.0
편두통,-2.0
편리,2.0
편리성,2.0
편리하게,1.0
편리하고,2.0
편리하다,2.0
편안,2.0
편안하게,2.0
편안하고,2.0
편안하다,2.0
편안한,2.0
편안히,2.0
편애,-1.0
편애하다,-1.0
편하게,2.0
편하고,2.0
편하다,2.0
편한,2.0
편히,2.0
평등하다,1.0
평등하다는,1.0
평등한,1.0
평등함을,1.0
평안하다,2.0
평안하여,2.0
평안한,2.0
평안함,2.0
평안히,2.0
평온,2.0
평온무사,2.0
평온무사하다,2.0
평온하다,2.0
평온히,2.0
평탄하다,2.0
평화로운,2.0
평화로움,2.0
평화롭게,2.0
평화롭다,2.0
평화를,1.0
폐결핵,-2.0
폐렴,-2.0
포근하게,1.0
포근하고,1.0
포근하다,1.0
포근한,1.0
포기,-1.0
포기하고,-1.0
포기하다,-1.0
포살되다,-1.0
포악하다,-2.0
포악하며,-1.0
포악한,-1.0
포학한,-1.0
폭군,-2.0
폭군을,-2.0
폭력,-2.0
폭력으로,-1.0
폭력을,-1.0
폭력적,-1.0
폭발적이다,1.0
폭행,-1.0
폭행이나,-1.0
폭행하다,-1.0
표리부동한,-1.0
푸근푸근히,1.0
푸근하게,1.0
푸근하고,1.0
푸념을,-2.0
푸지다,1.0
푸짐하다,1.0
품격,1.0
품격을,1.0
품위,1.0
품절남,1.0
품절녀,1.0
풍년이,2.0
풍미있는,1.0
풍부하다,1.0
풍성풍성히,1.0
풍성하게,1.0
풍성하고,1.0
풍요로워지다,1.0
풍요롭다,1.0
풍자하였다,-2.0
피가,-1.0
피고름이,-1.0
피곤을,-1.0
피곤이나,-1.0
피곤하거나,-1.0
피곤하다,-1.0
피곤함,-1.0
피꺼솟,-2.0
피난함,-1.0
피눈물,-2.0
피로,-1.0
피로감,-1.0
피로를,-1.0
피로하여,-1.0
피부병,-2.0
피부염,-1.0
피핍하다,-1.0
피하거나,-1.0
피하는,-1.0
피해,-1.0
핀잔,-2.0
핀잔을,-2.0
필수,1.0
필요하고,1.0
하기를,1.0
하늘하늘하다,1.0
하드캐리,2.0
하소연이나,-2.0
하소연하는,-2.0
하소연하다,-2.0
하잘것없다,-1.0
하찮게,-2.0
하찮고,-2.0
하찮다,-2.0
하찮은,-2.0
학대받다,-1.0
학대하는,-2.0
학대하다,-1.0
학문이,1.0
한가하게,1.0
한가하고,1.0
한결같다,1.0
한결같은,2.0
한결같이,1.0
한계,-1.0
한뜻,1.0
한마음,1.0
한숨,-1.0
한숨을,-1.0
한숨이나,-1.0
한숨짓다,-1.0
한스럽게,-2.0
한스럽다,-2.0
한심하다,-1.0
한심한,-1.0
한증,-1.0
한탄,-2.0
한탄스러울,-2.0
한탄스럽다,-2.0
한탄스레,-2.0
한탄하다,-2.0
한탄하여,-2.0
한탄함,-2.0
할딱대다,-2.0
할인,1.0
할인되다,1.0
할인하다,1.0
함께,1.0
함부로,-1.0
함정,-1.0
함정에,-2.0
합격하다,1.0
합리적,1.0
합리적으로,1.0
합리적이다,1.0
합리적인,1.0
항거를,-1.0
항의하여,-1.0
해가,-2.0
해결되다,1.0
해결되어,1.0
해결하거나,1.0
해결해,1.0
해고하다,-1.0
해내다,1.0
해낼,1.0
해로운,-2.0
해로움이나,-2.0
해롭다,-2.0
해롱대다,-1.0
해어져서,-1.0
해어지게,-1.0
해지거나,-1.0
해지고,-1.0
해지어,-1.0
해쳐서,-2.0
해치거나,-2.0
해치다,-2.0
해치려고,-2.0
해치려다가,-2.0
해칠,-2.0
해침,-2.0
해학,1.0
해학적인,1.0
행동하기가,0.0
행동하는,0.0
행방불명,-1.0
행복,2.0
행복감,2.0
행복스럽다,2.0
행복을,2.0
행복하다,2.0
행복한,2.0
행불,-1.0
행우하다,2.0
행운을,2.0
행운의,1.0
향기가,1.0
향기로운,-1.0
향상,1.0
향상시키다,1.0
허는,-1.0
허덕이다,-1.0
허둥거리는,-1.0
허둥거리며,-1.0
허둥대어,-1.0
허둥지둥하다,-1.0
허락되다,1.0
허락하여,1.0
허랑방탕한,-2.0
허름하고,-1.0
허망한,-1.0
허무,-1.0
허무감,-1.0
허무에서,-1.0
허무하다,-1.0
허무한,-1.0
허물을,-1.0
허물이나,-1.0
허병,-1.0
허비하는,-1.0
허사가,-1.0
허섭쓰레기,-1.0
허세를,-1.0
허술하여서,-1.0
허술한,-1.0
허약하다,-1.0
허약하여,-1.0
허약하여져서,-1.0
허약하여진,-1.0
허약한,-1.0
허약할,-1.0
허약해져서,-1.0
허약해지다,-1.0
허약해진,-1.0
허전하거나,-1.0
허전하고,-1.0
허전하다,-1.0
허전한,-1.0
허접,-2.0
허접스럽다,-2.0
허접쓰레기,-2.0
허접하다,-2.0
허탕이,-2.0
허탕하다,-2.0
허풍을,-1.0
허하여,-1.0
허황되게,-2.0
허황되다,-2.0
허황된,-2.0
허황하고,-2.0
허황하며,-2.0
허황한,-2.0
헉헉대다,-1.0
헌데나,-1.0
헌식적이다,2.0
헌신적,2.0
헌신적인,2.0
헐거나,-1.0
헐거워서,-1.0
헐겁고,-1.0
헐게,-1.0
헐고,-1.0
헐떡대다,-1.0
헐뜯거나,-2.0
헐뜯고,-2.0
헐뜯기,-2.0
헐뜯는,-2.0
헐뜯다,-2.0
헐뜯어,-2.0
헐뜯어서,-2.0
헐뜯으려고,-2.0
헐뜯음,-2.0
헐어서,-1.0
헐어지거나,-1.0
헐었거나,-1.0
험상궂게,-2.0
험상궂고,-2.0
험상궂은,-2.0
험상궃은,-2.0
험상스럽다,-2.0
험상하고,-2.0
험하고,-1.0
험하다,-1.0
험하여,-1.0
험한,-1.0
헛갈리다,-1.0
헛되이,-2.0
헛된,-2.0
헛디디거나,-1.0
헛디디는,-1.0
헛디디다,-1.0
헛소리,-1.0
헛소리나,-1.0
헛소리를,-1.0
헛헛한,-1.0
헝클어져,-1.0
헝클어지거나,-1.0
헤매다,-1.0
헤어지게,-1.0
헤프게,-1.0
헷갈리어,-1.0
혁신,2.0
혁신적으로,1.0
혁신적인,1.0
혁신주의자,1.0
현기증,-1.0
현기증을,-1.0
현기증이,-1.0
현명하게,1.0
현명하다,1.0
현명한,2.0
현숙한,1.0
현시창,-1.0
현피,-1.0
혐오,-2.0
혐오감,-2.0
혐오감을,-2.0
혐오스럽다,-2.0
혐오증,-2.0
혐오하다,-1.0
혐짤,-1.0
협박,-2.0
협박과,-2.0
협박장을,-1.0
협박하다,-2.0
형벌,-2.0
형벌의,-1.0
형벌하는,-1.0
형편없게,-2.0
형편없는,-1.0
형편없다,-2.0
혜택,1.0
혜택을,1.0
혜택이,1.0
혜택이나,1.0
호감,2.0
호감갖다,2.0
호감있다,2.0
호감정,2.0
호감하다,2.0
호강하다,2.0
호갱,-1.0
호갱님,-1.0
호되게,-1.0
호된,-1.0
호들갑스럽게,-1.0
호의,2.0
호의나,2.0
호의적,1.0
호의적이다,1.0
호의적인,1.0
호의호식하며,1.0
호화롭고,2.0
호화스럽다,-1.0
호흡곤란,-1.0
혼내는,-2.0
혼란스러운,-2.0
혼란스럽게,-1.0
혼란스럽고,-1.0
혼란스럽다,-1.0
혼란하게,-2.0
혼모노,-2.0
혼미하여지는,-1.0
혼미한,-1.0
혼미해지고,-1.0
혼미해지는,-1.0
혼인,1.0
혼쭐을,-2.0
홀가분해지다,1.0
홀로,-1.0
화가,-2.0
화기,-2.0
화기애애한,2.0
화나,-2.0
화나게,-2.0
화나고,-2.0
화나다,-2.0
화내다,-2.0
화답하며,1.0
화려하게,1.0
화려하고,1.0
화려하다,1.0
화려한,1.0
화려함,1.0
화를,-2.0
화목하게,2.0
화목하고,2.0
화목하다,2.0
화목한,2.0
화목함,2.0
화미하다,1.0
화사하다,2.0
화음,1.0
화재,-2.0
화창하여,2.0
화창한,2.0
화풀이,-1.0
화풀이를,-1.0
화합,1.0
화합하는,1.0
화합하다,1.0
화해하거나,1.0
확보하다,1.0
확신을,1.0
확실하게,1.0
확실하고,1.0
확실하다,1.0
환상,-2.0
환상이다,-2.0
환상적인,1.0
환성을,2.0
환영하다,2.0
환자,-1.0
환처가,-1.0
환하게,2.0
환하고,2.0
환하다,2.0
환한,2.0
환함,2.0
활기,2.0
활기가,2.0
활기를,2.0
활달하고,2.0
활력,1.0
활발하고,2.0
활발하다,2.0
활발한,2.0
황당한,-1.0
황소고집,-1.0
황송한,2.0
황천길,-1.0
황폐화,-2.0
황홀,2.0
황홀감,2.0
황홀하다,2.0
황홀한,1.0
회개,1.0
회개하다,1.0
회복되다,1.0
회복하다,1.0
획기적으로,1.0
획기적이다,-2.0
획기적인,-2.0
효과적,1.0
효과적으로,1.0
효과적이다,1.0
효과적인,1.0
효도하다,2.0
효율적인,1.0
후련하게,1.0
후련하고,1.0
후련하다,1.0
후련한,1.0
후회,-2.0
후회막심하다,-2.0
후회스럽다,-2.0
후회하다,-2.0
후회하여도,-2.0
훈훈하다,2.0
훌륭하거나,2.0
훌륭하게,2.0
훌륭하고,2.0
훌륭하다,2.0
훌륭한,2.0
훔쳐,-1.0
훔치거나,-1.0
훔치는,-1.0
훔치다,-1.0
훔치려고,-1.0
훔친다는,-1.0
훔침으로써,-1.0
훤칠,2.0
훤칠하다,2.0
훤하게,1.0
훤하고,1.0
훤하다,1.0
훤하여,1.0
훼방,-1.0
훼방을,-1.0
훼방하거나,-1.0
훼방하다,-1.0
훼손,-1.0
훼손하다,-1.0
휘청거리며,-1.0
휭하니,-1.0
휴식,1.0
휴식하다,1.0
흉괴하다,-2.0
흉년이,-2.0
흉망스럽다,-2.0
흉망스레,-2.0
흉몽,-2.0
흉물,-2.0
흉물스럽다,-2.0
흉물스레,-2.0
흉보다,-2.0
흉악,-2.0
흉악망측,-2.0
흉악망측스럽다,-2.0
흉악망측스레,-2.0
흉악망측하다,-2.0
흉악무도,-2.0
흉악무도하다,-2.0
흉악범,-2.0
흉악성,-2.0
흉악하게,-2.0
흉악하고,-2.0
흉악하다,-2.0
흉악한,-2.0
흉악함,-2.0
흉악히,-2.0
흉을,-2.0
흉측,-2.0
흉측스럽다,-2.0
흉측스레,-2.0
흉측하거나,-2.0
흉측하다,-2.0
흉측히,-2.0
흉터,-1.0
흉터가,-1.0
흉포성,-2.0
흉하거나,-2.0
흉하게,-2.0
흉하고,-2.0
흉하다,-2.0
흉하다고,-2.0
흉한,-2.0
흉할,-2.0
흉흉히,-2.0
흐느껴,-1.0
흐느낄,-1.0
흐느낌,-2.0
흐느적흐느적,-1.0
흐들감스럽다,-1.0
흐들갑,-1.0
흐들갑스럽다,-1.0
흐들갑스레,-1.0
흐려지다,-1.0
흐리고,-1.0
흐리다,-1.0
흐리멍덩하게,-1.0
흐리멍덩하다,-1.0
흐리멍덩하며,-1.0
흐리멍덩하여,-1.0
흐리멍덩한,-1.0
흐린,-2.0
흐림,-1.0
흐뭇하거나,2.0
흐뭇하게,2.0
흐뭇하고,2.0
흐뭇하다,2.0
흐뭇하여,2.0
흐뭇한,2.0
흐뭇할,2.0
흐뭇함,2.0
흐지부지,-1.0
흐지부지하게,-1.0
흐지부지하다,-1.0
흐트러져,-1.0
흑역사,-2.0
흑흑대다,-1.0
흔모,2.0
흔모하다,2.0
흘겨보다,-1.0
흘리다,-1.0
흘흘,-1.0
흙빛과,-1.0
흠모,2.0
흠모하다,2.0
흠애,2.0
흠애하다,2.0
흠을,-1.0
흠이나,-1.0
흠좀무,-1.0
흡만하다,2.0
흡족,2.0
흡족하게,2.0
흡족하다,2.0
흡족하여,2.0
흡족한,2.0
흥감,2.0
흥감스럽다,2.0
흥감스레,2.0
흥감하다,2.0
흥겨운,2.0
흥겹게,2.0
흥겹고,2.0
흥겹다,2.0
흥그럽다,1.0
흥글거리다,-1.0
흥글방망이놀다,-2.0
흥글벙글,-2.0
흥글벙글하다,-2.0
흥글흥글,-1.0
흥글흥글하다,-1.0
흥뚱항뚱,-1.0
흥미,1.0
흥미가,1.0
흥미나,1.0
흥미롭다,1.0
흥미와,1.0
흥분되고,1.0
흥분하는,-1.0
흥분하다,1.0
흥에,2.0
흥이,2.0
흥청,-1.0
흥청거리다,-1.0
흥청대다,-1.0
흥청망청,-1.0
흥청망청하다,-1.0
흥청벙청,-1.0
흥청흥청,-1.0
흥청흥청하다,-1.0
흥취,2.0
흥하다,2.0
흥행,2.0
흥행되다,2.0
흥행작,2.0
흥행하다,2.0
흥행화하다,2.0
희고,1.0
희다,1.0
희떠운,-1.0
희떱게,-1.0
희락,2.0
희롱질하다,0.0
희롱하다,-1.0
희롱해롱,-1.0
희롱해롱하다,-1.0
희롱희롱,-1.0
희롱희롱하다,-1.0
희룽거리다,-1.0
희룽대다,-1.0
희룽해롱,-1.0
희룽해롱하다,-1.0
희룽희룽,-1.0
희룽희룽하다,-1.0
희룽히룽,-1.0
희말쑥하다,1.0
희망,1.0
희망없는,-2.0
희망을,1.0
희망적,1.0
희망차고,1.0
희망차다,1.0
희멀끔,1.0
희멀끔하다,1.0
희멀끔히,1.0
희멀쑥,1.0
희멀쑥이,1.0
희멀쑥하다,1.0
희미하고,-1.0
희미하다,-1.0
희미해져서,-1.0
희박하다,-1.0
희희,1.0
희희거리다,-1.0
희희낙락,2.0
희희낙락거리다,2.0
희희낙락대다,2.0
희희낙락하다,2.0
희희대다,-1.0
희희덕,-1.0
희희덕거리다,0.0
희희덕대다,0.0
희희덕희희덕,-1.0
희희덕희희덕하다,-1.0
희희호호,2.0
힁하다,-1.0
힁허케,0.0
히든카드,1.0
히들거리다,0.0
히들머들,-1.0
히들머들하다,-1.0
히들히들,0.0
히들히들하다,0.0
히뜰머뜰,-1.0
히뜰머뜰하다,-1.0
히벌쭉거리다,1.0
히벌쭉대다,1.0
히살스럽다,-2.0
히살스레,-2.0
히스테리,-1.0
히죽,1.0
히죽거리다,1.0
히죽대다,1.0
히죽벌쭉,1.0
히죽벌쭉하다,1.0
히죽비죽,-1.0
히죽비죽하다,-1.0
히죽이,1.0
히죽이다,1.0
히죽하다,1.0
히죽해죽,1.0
히죽해죽하다,1.0
히죽히죽,1.0
히죽히죽하다,1.0
히쭉,1.0
히쭉이,1.0
히쭉이다,1.0
히쭉하다,1.0
히쭉해쭉,1.0
히쭉해쭉하다,1.0
히쭉히쭉,1.0
히쭉히쭉하다,1.0
히히거리다,1.0
히히대다,1.0
힐난,-1.0
힐난조,-1.0
힐난하다,-1.0
힘겨웁다,-2.0
힘겹게,-2.0
힘겹다,-2.0
힘든,-2.0
힘들,-2.0
힘들거나,-2.0
힘들게,-2.0
힘들다,-2.0
힘들어지고,-1.0
힘들어지다,-2.0
힘들여,-2.0
힘삐치다,-1.0
힘쓰다,0.0
힘없는,-1.0
힘없다,-1.0
힘없이,-1.0
힘차게,2.0
힘차고,2.0
힘차다,2.0
힘찬,2.0
섹시하다,2.0
공포감,-2.0
긴박하다,-1.0
무시무시하다,-1.0
살벌하다,-2.0
스산하다,-1.0
소름끼치다,-1.0
아슬아슬하다,-1.0
달갑다,1.0
대견하다,1.0
보기좋다,1.0
속시원하다,1.0
신명나다,1.0
신바람나다,1.0
원더풀,2.0
천만다행이다,1.0
쾌적,2.0
쾌적한,2.0
쾌적하다,2.0
함박웃음,2.0
경악하다,-2.0
기겁하다,-2.0
기절하다,-2.0
까무러치다,-1.0
당혹하다,-1.0
뜨끔하다,-1.0
뜨악하다,-1.0
만만찮다,-1.0
만만치않다,-1.0
아뿔싸,-1.0
움찔하다,-1.0
개썅년,-2.0
개자식,-2.0
개새끼,-2.0
괘씸하다,-2.0
그년,-1.0
그놈,-1.0
그자식,-1.0
기집년,-1.0
니미,-2.0
노여워하다,-2.0
멸시당하다,-2.0
모멸감,-2.0
모욕적,-2.0
모욕적이다,-2.0
미친개,-1.0
발칙하다,-1.0
버럭,-1.0
버럭대다,-1.0
분통터지다,-2.0
불유쾌하다,-1.0
비딱하다,-2.0
빌어먹을,-2.0
뾰루퉁하다,-1.0
삐치다,-2.0
삐지다,-2.0
삐졌다,-2.0
삐쳤다,-2.0
속썩이다,-2.0
심통,-1.0
심통부리다,-1.0
싸가지없다,-2.0
싸가지없는,-2.0
쌍년,-2.0
쌍놈,-2.0
씨부랄,-2.0
씹새끼,-2.0
우라질,-2.0
옘병할,-2.0
웬수,-2.0
잡놈,-2.0
치욕적,-2.0
가련하다,-1.0
고독하다,-1.0
고독한,-1.0
곤욕스럽다,-2.0
곤욕,-1.0
난처하다,-2.0
난해하다,-1.0
낭패스럽다,-2.0
망연,-2.0
망연자실,-2.0
망연자실하다,-2.0
먹먹하다,-2.0
뼈저리다,-1.0
쓴웃음,-1.0
씁쓸하다,-1.0
아휴,-1.0
외톨이,-2.0
왕따,-2.0
찌질이,-2.0
울부짖다,-2.0
으앙,-1.0
음울하다,-1.0
적적하다,-1.0
절규하다,-2.0
죄송하다,-2.0
죄송합니다,-2.0
죄책감,-2.0
주눅들다,-2.0
짠하다,-2.0
찡하다,-2.0
착잡하다,-2.0
처량하다,-2.0
처절하다,-2.0
청승맞다,-1.0
청승궂다,-1.0
청승맞게,-1.0
흑흑,-1.0
고리타분하다,-1.0
신통찮다,-1.0
심드렁하다,-1.0
지긋지긋하다,-2.0
골치아프다,-2.0
기진맥진하다,-2.0
꺼림찍하다,-1.0
찜찜하다,-1.0
꼴불견,-2.0
넌더리나다,-2.0
달갑잖다,-1.0
못미덥다,-1.0
콧웃음치다,-1.0
해괴하다,-2.0
감질나다,-1.0
반신반의하다,0.0
신비롭다,1.0
아리송하다,-1.0
알쏭하다,-1.0
알쏭달쏭하다,-1.0
득점,2.0
상위,2.0
상위권,2.0
안정감,1.0
실점,-2.0
오류,-2.0
의혹,-1.0
내팽개치다,-2.0
횡령,-2.0
불안증,-2.0
상승,1.0
호재,1.0
매수,1.0
성장,1.0
기대감,1.0
안정성,1.0
배당,1.0
신규,1.0
투자,1.0
우량주,1.0
전망,1.0
실적,1.0
회복,1.0
대박,1.0
상한가,1.0
수익률,1.0
투더문,1.0
떡상,1.0
신고가,1.0
역대급,1.0
황금주,1.0
대세,1.0
급등,1.0
전환점,1.0
인수합병,1.0
신제품,1.0
신기술,1.0
비전,1.0
선도,1.0
전망치,1.0
잭팟,1.0
우상향,1.0
강세장,1.0
화성,1.0
손절,-1.0
폭락,-1.0
물렸다,-1.0
하한가,-1.0
떡락,-1.0
개미털기,-1.0
작전주,-1.0
버블,-1.0
폭탄주,-1.0
축소,-1.0
물타기,-1.0
매도,-1.0
공매도,-1.0
붕괴,-1.0
실패,-1.0
하락,-1.0
악재,-1.0
물로켓,-1.0
부도,-1.0
리콜,-1.0
변동성,-1.0
퇴출,-1.0
파산,-1.0
잠식,-1.0
침체,-1.0
나락,-1.0
폭탄,-1.0
이탈,-1.0
손실,-1.0
냉각,-1.0
폭망,-1.0
미달,-1.0
악화,-2.0
적자,-2.0
위험,-2.0
불확실,-2.0
불안정,-2.0
혼란,-2.0
우려,-2.0
패닉,-2.0
실의,-2.0
탈출,-2.0
회피,-2.0
퇴보,-2.0
사라지다,-2.0
문제,-2.0
