닉네임,날짜,내용,종목
프리장매수금지,2025-01-12T16:47:47+09:00,tiger 빅테크랑 기업 빼고 다른게 뭔가요?,456600
SpaceCowboy,2025-01-09T15:46:14+09:00,"(1) 국내 vs 해외

국내 주식(배당·성장형, K-바이오 등)도 선방 중이나,
미국 주식이 수익률 면에서 거의 항상 우위이므로 한국 주식은 배제.


(2) 패시브 투자 한계

시장의 초과 수익을 노리기엔 패시브만으론 제한적.
패시브를 기본으로 하되, 알파(+α)를 더해야 한다고 판단.


(3) 타임폴리오 펀드 성과

지난 1-3년간 실제 수익률로 입증된 몇 안 되는 국내 펀드 중 하나.
연 0.8% 수수료에도 레버리지 없이 이 정도 성과를 낸 점이 인상적.
본인은 레버리지 투자를 지양하는 편.


(4) 퀀트 엔진 & 포트폴리오 시스템

타임폴리오의 운용 전략이 비교적 잘 작동 중으로 판단.
이 전략으로도 국내 시장에서 성과가 미미하다면, 한국 주식은 여전히 쉽지 않다는 결론.


<새로 편입한 6개 종목>

TIMEFOLIO 글로벌소비트렌드액티브 ETF (494180)
TIMEFOLIO 글로벌안티에이징바이오액티브 ETF (485810)
TIMEFOLIO 글로벌우주테크&방산액티브 ETF (478150)
TIMEFOLIO 글로벌AI인공지능액티브 ETF (456600)
TIMEFOLIO 미국S&P500액티브 ETF (426020)
TIMEFOLIO 미국나스닥100액티브 ETF (426030)


[투자 아이디어 요약]

경기가 어려워도 기본적 소비는 멈추지 않음.
돈 많은 사람들은 수명 연장에 투자 (베이비붐 세대의 건강·노화 관심 증가).
전쟁·방위산업은 상시 성장 가능성. 우주개발, 드론, AI와 접목될 것.
AI·안드로이드 로봇은 미래의 핵심.
S&P·나스닥은 투자 필수 요소로 판단.


(향후 계획)

편입 비중은 추후 더 고민하여 조정 예정.",456600
시월사랑,2025-01-09T10:20:05+09:00,꾹 묻어둘려고 샀는데….,456600
티티지지,2025-01-06T13:42:39+09:00,ISA 넣을까 말까,456600
익절만하는강아지,2024-12-30T12:44:03+09:00,재미로 떨어지는 날마다 사보고 있음,456600
존킴임,2024-12-28T21:00:11+09:00,"IONQ가 포함된 ETF를 찾다 발견했습니다.
장기투자 목적으로 양자컴퓨터가 기대됩니다.
전 양자컴 관련 ETF를 연금저축펀드에서 매수했습니다. 블로그에 인증 남겼습니다.
https://m.blog.naver.com/i-net_0314/223707892420",456600
테미녀,2024-12-23T20:03:56+09:00,국내운용사중에 액티브펀드 운영 넘버원인듯,456600
20240415시작초보,2024-12-23T17:06:18+09:00,269 젤 비싸게 산게 나였고만 으흐흐흐...,456600
박카스88,2024-12-23T10:23:48+09:00,지금은 고점인거 같네 하지만 장기적으로는 저점,456600
사직동크라운,2024-12-16T10:53:28+09:00,늦었지만 요것도 적립식 가즈아,456600
지금바로행복,2024-12-14T11:07:45+09:00,환노출 인가요?,456600
쩌리여라,2024-12-13T10:27:23+09:00,이건 걍 묻어두고 신경끄먼되는 주식,456600
피망3,2025-01-10T14:47:40+09:00,이제는 가야지,484790
유랑개미,2025-01-09T12:43:25+09:00,"이정도면 살만하지 않나~

분할매수 들어가기에 부담없음",484790
우상향터져라,2025-01-07T09:09:08+09:00,바닥이 없네 진짜…. 탈출 포기하고 묵혀야 하나,484790
MANAKURA,2025-01-03T14:45:09+09:00,지금이야,484790
뿅아리루파,2025-01-03T09:09:34+09:00,"토스말고 ISA계좌에서 조건주문 걸어뒀는데 요즘 세일중이라 그런지 매일 사지기를 반복하네요
하락세여도 꾸준히 모아보렵니다~ 믿는다~",484790
굿크레딧,2024-12-23T13:57:56+09:00,추매합니당 평단9390 1500주 5만주까지 목표로 모아가볼께요,484790
마이네임이즈뚱냥,2025-01-06T11:27:08+09:00,추매,091170
배당돌파180,2024-12-31T13:35:41+09:00,시작,091170
사막위돈버는코알라,2024-12-24T10:19:13+09:00,"KODEX 은행, 월배당으로 바뀐 건가요?",091170
놀라지완투,2024-12-13T07:49:20+09:00,많이 샀는데..... 이렇게 곤두박질 치는 걸 봐야되다니..... 배당이나 받아야겠다,091170
주식물린삐약,2025-01-02T10:06:08+09:00,흠,449190
미장배당주만모으기,2025-01-10T13:47:03+09:00,모아가기,482730
동동만두,2025-01-08T09:53:35+09:00,뭐여 -7퍼 알림와서 미국전쟁난줄,482730
호세페르난도ARAMCO,2025-01-03T10:53:51+09:00,"연저펀, ISA충전용 매도",482730
신율즈,2024-12-24T13:02:02+09:00,부모님 칠순잔치용 돈 넣어두기,482730
머니세이버,2024-12-24T08:08:15+09:00,"투자하실 때 실제 부담비용, 운용성과 등 참고하셔서 도움 되셨으면 합니다

자세한 정보는 아래에 더 많이 있습니다.

https://m.blog.naver.com/money_saver777/223701497097",482730
신율즈,2024-12-19T09:04:12+09:00,일단 리밸런싱용으로 움직여둡니다.,482730
때부자될래,2025-01-10T10:26:10+09:00,추매,364980
소리질러쑤아리,2024-12-27T11:16:46+09:00,"이왕 내려갈거 쭉~~~내려가라
딱 내 선에서 추매가야지 참...
조금만 신경썼더라면...내 탓이지ㅎㅎ 휴~~~",364980
가가가보자고,2024-12-26T11:09:53+09:00,어디까시 꼬라박냐 ㅜ..,364980
물타기호흡제1의형추매,2024-12-24T22:20:41+09:00,추매,364980
저하늘의별,2024-12-23T09:47:07+09:00,"매수단가 단가 걸어놓은게
매수가 됐네요",364980
소리질러쑤아리,2024-12-21T04:25:07+09:00,이럴때 추매가는거다~^^,364980
바사쏵,2024-12-19T15:51:19+09:00,장투로 다른 증권에서 모아가는중.,364980
소리질러쑤아리,2024-12-19T09:31:22+09:00,기다려라,364980
하하이연,2024-12-17T14:37:15+09:00,와우........,364980
lxa,2024-12-17T13:39:47+09:00,진짜 국장은 etf도 하면안돼..,364980
검이블루화이불치,2024-12-17T11:26:27+09:00,진짜 하는 꼬락서니 못봐 주겠네...,364980
신영탄,2024-12-16T16:26:11+09:00,"사랑의 밧데리 좀 사주세요
♡영업중♡",364980
때부자될래,2024-12-12T14:57:30+09:00,무슨129?,364980
항상불안한주린이,2025-01-10T16:11:39+09:00,떨어질때마다 한주씩 사는게 재밌네,489250
매일갓그레,2025-01-10T09:38:36+09:00,"코미당은 배당주로 쭉~~들고 계시는거죠??
Isa 계좌에서 모으고 있어요.",489250
단타치는오타니,2025-01-07T16:16:55+09:00,역대급 세일 시작 ㅋㅋ,489250
Soasia,2025-01-07T12:43:01+09:00,코덱스 에이스 타이거 많은 차이가 있나요?,489250
쪼끔만먹구갈게여,2025-01-07T11:10:43+09:00,왤케떨구나했더니 환율영향이군앙,489250
장기투자자담이,2025-01-06T20:38:19+09:00,돈이 남으면 1주라도 구매합니다.,489250
제로제로제로,2025-01-06T12:41:15+09:00,일단 1년 동안은 이대로 들고 간다,489250
노랑아빠,2025-01-06T10:13:06+09:00,"장보고 남은돈 isa 투입! 4주 구매

생일이라고 용돈 받아서 10주 더 추매!

11,110원 / 4주
11,105원/ 10주

170주 /370주

목표까지 200주 남았다 아자아자!",489250
정관수술당함,2025-01-05T21:03:24+09:00,여긴 배당 언제나옴?,489250
항상불안한주린이,2025-01-02T10:54:37+09:00,난 오늘도 이곳에 돈을 버렸다,489250
노랑아빠,2025-01-02T09:28:03+09:00,올해도 줍줍 가즈아..!,489250
토1스는커뮤만,2024-12-30T11:24:59+09:00,어떻게 생각하시나요?,489250
노랑아빠,2024-12-30T10:31:08+09:00,"연저펀에
1주 추매 / 11130원

153주 달성",489250
살아남고,2024-12-29T13:01:46+09:00,배당금 좀 올려쥬떼요..ㅎ,489250
콜라보틀,2024-12-27T21:17:56+09:00,Isa로 넘기로 갈게요~,489250
단타치는오타니,2024-12-27T11:49:20+09:00,아니 할인기간 끝났어?,489250
노랑아빠,2024-12-24T14:18:26+09:00,"급여 들어와서
용돔 받은걸로 추매

10955 / 16주",489250
아아어우,2024-12-24T01:01:43+09:00,다우 펀치 다우 펀치,489250
노랑아빠,2024-12-23T09:09:12+09:00,"10905 / 4주 추매

현재수량 135주
목표수량 370주

아자아자!",489250
노랑아빠,2024-12-20T14:20:00+09:00,월급 4일 남았는데~~ 조금만 기다려주렴~!,489250
라프카,2024-12-20T09:23:20+09:00,사야하는데.. 아직월급날이 아니구나~,489250
커피향,2024-12-17T14:57:53+09:00,"토스 배당금 입금 되었나요?
안들어 오네요?",489250
노랑아빠,2024-12-17T14:15:39+09:00,신투 입완 입니다~^^,489250
moneyformer,2024-12-15T13:46:03+09:00,"#KODEX_미국배당다우존스 24년 12월 배당 지급💰공시가 업데이트되었습니다.

Kodex 미국배당다우존스의 24년 12월 배당금은 주당 41원으로, 전월(24년 11월: 주당 28원) 대비 약 +46.42% 증가⬆️된 금액입니다.

KODEX 미국배당다우존스 구성 종목 TOP 10(24년 12월 13일 기준)

= 4.70%
= 4.61%
= 4.52%
= 4.43%
= 4.30%
= 3.96%
= 3.67%
= 3.66%
= 3.65%
= 3.48%

더 자세한 내용은 아래에서 확인됩니다.👇",489250
단타치는오타니,2024-12-13T17:52:21+09:00,여기 너무 심심한데 재밋는 이야기해줘요,489250
권물렁,2024-12-18T09:42:59+09:00,배당도 없고 매매차익도 배당소득세로 까여서 이점이라곤 1도 없어보이는데 사시는 분들은 이유가 뭐죠?,471230
워렌벋핏,2024-12-16T13:16:29+09:00,뭐여? 암두 읍서?,471230
주식시장의야수,2024-12-30T11:13:20+09:00,방금뭐지,394660
액션머니,2025-01-12T14:41:40+09:00,"*현재 Toger 은행 고배당 배당률
24년 10~12월 월 분배금 이었던
73원 x 12개월 환산 = 876원 연간 배당금 기준
예상 배당률 : 약 6.5%

25년 한국 금리 추가인하 예정 (2회~)
시장에서는 25년도
국내 금리인하 전망을
2회 정도로 예상되고 있습니다.

이러한 기준 금리가 예정대로 진행된다면
투자자들의 심리에는 어떠한 변화가 생겨날까요~?

기준금리 | 금융 배당주 (타이거은행, 기업, 우리)
3.50% | 7.00%
3.00% | 6.50% (현재)
2.75% | 6.75%

(24년 실적 발표 후 금융주들의 배당금 인상 예상)

최근 시중은행들의 대기 자금이
21조가 이탈하는 현상이 발생했습니다.

이에 대한 원인 추측으로는
기존의 높은 금리의 예/적금 만기 자금이 본격적으로 만기 시점이
순차 도래적으로 도래하는 경우

특히 과거에 가입된 기존 5%, 4.5%, 4% 이상의
2~3년 기간 예치 자금들의 만기가 도래하는 경우

현재의 3.5% 수준의 예금 금리는 매리트가
너무나 낮게 느껴 질 환경적 변화 요소가 작용합니다.

이렇게 금리도 급격히 낮아진 환경속에서
문제는 한국이 계엄, 탄핵 등의 국가적 정치적
리스크가 매우 높아지면서

외국인은 물론 내국인의 자본 시장 이탈도 우려되어
돈을 무제한 수준으로 공급해서라도 막겠다라는
부분을 공식적으로 발표한 상태인데

이는 역으로 해석하면, 너무 위기의 상황이니

기존 화폐들의 가치를 급격히 감소시키더라도
소비재 및 자산의 인플레이션의 가격이 상승하더라도
이 위기부터 넘기고 보겠다는
코로나 위기때의 정책과 유사합니다.

즉 이렇게 이번에는 한국에만 해당되는
헬리콥터 머니 정책이 실행 될 경우

저금리 환경 + 인플레이션(화페가치 하락)
환경을 겪어야하는 25년도가 예상되는 상황에서

기준 금리는 3%가 되었고
그리고 25년도에는 2.75%.. 2.5%
순으로 경기가 좋지 않아
추가적인 금리인하는
불가피해 보이는 상태입니다.",466940
stilllife,2025-01-10T14:52:38+09:00,일단 만원만 먹고 후퇴.. 근데 연기금등이 최근에 많이 샀네 더오르려나ㅠ,466940
브라운권,2025-01-10T14:23:42+09:00,"은행주도 다시 관심이 올라오나?
마이너스 다 회복했네",466940
택진이형,2025-01-10T12:53:12+09:00,겨울이 너무 싫어요,466940
규홍임,2025-01-09T14:15:01+09:00,배당금 61원에서 73원으로 올랐는데 계속 73원으로 유지되는건가요? 일시적인건가요???,466940
노뿌지,2025-01-03T11:40:40+09:00,5일선 무너지지 않으면 매일 매일 매수합니다,466940
로로대으,2025-01-02T13:00:26+09:00,10% 까지 가능하겟엉,466940
액션머니,2025-01-01T06:42:02+09:00,"① 25년 예상 배당률 계산 [배당률 6.4%]
② 24년 1~12월 배당금 총 지급합계
③ 포트폴리오 현황 & 상품특징 / 비교

※ 24년 배당금 지급이력
12월 : 73원 (1/3 지급)
11월 : 73원
10월 : 73원 (월 배당금 +12원 인상)
9월 : 61원
8월 : 61원
7월 : 61원
6월 : 61원
5월 : 61원
4월 : 61원
3월 : 61원
2월 : 61원
1월 : 61원

*24년 연간 분배금 지급 합계 : 768원
*배당률 환산 : 5.6%
(주가 : 13,500원 기준 환산)

*25년도 예상 배당금 & 배당률은?
= 876원
(24년 10월부터 인상 지급된 월 배당금 73원 기준 x 12개월)
= 예상 배당률 계산시 : 6.4%
(주가 : 13,500원 기준 환산)


*연금저축 계좌에서 투자가 가능하여
배당금에 대한 [비과세]가 가능한 부분을 감안한다면

일반 배당주 투자의 경우 ISA 계좌에서 투자하여 9.9%
저율과세를 적용 받을 경우와 비교 시
세전 7.04% 배당주와 동일한 배당금 수준의
매우 높은 배당률을 받으면서
배당주 10곳에 분산투자하는 효과를 얻을 수 있음


*대표적인 경쟁 ETF인 Plus 고배당주와의 비교
Plus 고배당 : 약 5.1% 배당률 예상 상태
Tiger 은행 : 약 6.4% 배당률 예상 상태

현재로서는
24년도에도 실적이 좋았던
금융주들의 비중이 집중적으로 높게 포지션된
Tiger은행 고배당 플러스의 배당률이 높은 상태

하지만 25년도에 Plus 고배당주 역시
대부분의 포함된 대표 배당주들의 실적이
워낙 좋은 대상들로 이번 24년 12월에
리밸런싱 되어있어, 배당금 인상이 될
확률도 존재하며
산업 분산투자 효과 측면에서는
Plus 고배당주가 보다 넓게 투자되는 측면도 있기에
금융산업 집중적인 투자를 할 것인지

한국 고배당주들에 대한 전방위적인
분산 투자를 할 것인지에 대한
투자자의 선택이 가능해진 부분이라고 생각됩니다.",466940
로로대으,2024-12-30T16:30:07+09:00,풀매수햇음 이게 젤 빨리 주가 안정이지,466940
일해라돈들아,2024-12-27T20:14:30+09:00,배당이나 받으려구요😬 모으기 시작,466940
TLTW,2024-12-25T08:45:16+09:00,답해주세요,466940
나르한,2024-12-21T07:01:30+09:00,금리 쉽게 안떨어질..,466940
고독한복서,2024-12-20T11:45:15+09:00,넘 많이 떨어지네요 ㅋㅋ 기회다,466940
금융취약계층,2024-12-20T07:37:22+09:00,은행들 역대 최대 실적이라더니 왜 이 모양....,466940
해타타,2024-12-19T12:19:23+09:00,"이건 배당 세금 안떼는건가요?
12월 들어온거보면 세금이 없네요",466940
베르베르나마베르,2024-12-12T15:55:34+09:00,12월에도 배당 해주나요? 이력에 없네요,466940
브라운권,2025-01-10T08:44:26+09:00,반등하시다,475720
꽐라코알라,2025-01-09T15:41:50+09:00,"이대로 떨어지지만 말고
횡보로 가자",475720
삐삐돌이,2025-01-08T12:25:48+09:00,커버드골의 단점을 여실히 보여주네,475720
정콩민,2025-01-07T13:01:13+09:00,이건 진짜 안오르네 ㅠ,475720
약딸라,2025-01-06T14:13:29+09:00,"이놈은 왜케 안오르는거죠?
구성종목으로 봐도 지수 반정도는 올라야 정상 아닌가요?;",475720
Olra,2025-01-06T13:31:02+09:00,코스피 상승률 반이라도 따라가야지 뭐하는거냐ㅠ,475720
별별이짱구,2025-01-06T13:17:09+09:00,위클리인데 월배당이네요,475720
브라운권,2025-01-06T10:49:44+09:00,구매수수료도 무료네!,475720
인평동남,2025-01-06T10:11:42+09:00,코덱스로 갈아타거싶다.. 후;;,475720
쁘야쁘야,2025-01-04T21:21:16+09:00,괜찮은거 같은대 슬슬 모아봐야지,475720
배당돌파180,2025-01-04T20:39:32+09:00,"난 너랑 같이 침몰중이다
언제 부상할진 모르지만. 너무 긴시간 기다리게 하지 말았으면 한다",475720
부싼갬성존맛,2025-01-03T15:37:13+09:00,분배금 언제줘요?ㅠㅠ,475720
정콩민,2025-01-03T13:35:22+09:00,분배금 나오는날 아닌가요?,475720
코카콜라몰빵,2025-01-03T13:24:10+09:00,음,475720
커뮤용0펭딩이,2025-01-03T12:09:13+09:00,오늘은 콜매도 녹는날이네,475720
보글보글스폰지밥,2025-01-02T20:37:38+09:00,현금흐름만들기,475720
왕쫑이,2025-01-02T15:04:38+09:00,300주 달성!,475720
Rambler,2025-01-02T10:57:43+09:00,진짜 깝깝해죽것네,475720
액션머니,2025-01-01T07:03:52+09:00,"① 24년 1~12월 배당금 총액 & 지급일
② 상품 운용 특징

※ 24년 배당금 지급이력
12월분 : 126원 ★ 1/3 지급
11월분 : 134원
10월분 : 142원
9월분 : 140원
8월분 : 100원
7월분 : 106원
6월분 : 105원
5월분 : 105원
4월분 : 103원
3월분 : 105원

*24년 배당금 지급합계 : 1,166원
(주가 : 약 8,300원 기준)

*총 예상 분배률 : 약 15% 목표 (예상)


※ 상품 특징 :
① 코스피 200 기초 지수에 투자하면서
② 콜옵션 매도 전략을 통한 프리미엄 분배금 지급
(위클리 옵션으로 월 8회 콜옵션 매도 수익)

코스피의 고질적인 특징이자 문제점으로 꼽히는
잦은 [횡보장] 환경에서 유리할 수 있는 특징을 가진 제품

코스피의 경우 5년, 10년 장기적으로는 우상향하는
모습을 보여주고 있으나 그 속도가 더디며
특히 횡보장 구간이 많았던 [단점]을
+
[횡보장]에서 유리한 측면이 있는
콜옵션 전략을 조합한 상품


*투자 시 주의사항
단순히 높은 분배율을 지급한다고해서
선택 할 대상은 아니며
주가 변동에 중요한 요소는 결국
[기초지수]의 방향성이며

[횡보장]이 아닌
[강한 하락] 후
[강한 반등]이 반복되는 환경에서는

커버드콜 전략의 특성상 [상방]은 제한되는
특성으로 인하여 원금 손실의 위험이 따르기
때문에 전략별 특성에 대한 충분한 공부 및
이해가 필요합니다~",475720
배당돌파180,2024-12-30T15:50:48+09:00,"계속 사기 2만주 까지만
현재13796주
-2073 만원",475720
Getaway,2024-12-30T11:39:37+09:00,같이 쭈욱 빠지고 분배락때도 빠지는 친구고 상승분은 제한이 있어서 샘숭이 회복하는거 보고 들어가야 합니다,475720
정콩민,2024-12-27T13:41:05+09:00,배당은1.500.000 - 4.600.000 어휴 미쳐 버리겠네,475720
장금이2,2024-12-27T09:20:57+09:00,배당락 맞은 가격이 아니였군;,475720
주발몸,2024-12-26T21:00:14+09:00,12월 126원,475720
포포로브,2024-12-26T09:06:57+09:00,오늘까지 사면 배당 받을 수 있나요?ㅎ,475720
머니세이버,2024-12-24T08:09:37+09:00,"투자하실 때 실제 부담비용, 운용성과 등 참고하셔서 도움 되셨으면 합니다

자세한 정보는 아래에 더 많이 있습니다.

https://m.blog.naver.com/money_saver777/223703425533",475720
매수만매도없음,2024-12-23T14:40:05+09:00,2400 밑으로 털어질만 하면 다시 오름,475720
알파링,2024-12-23T11:53:51+09:00,연저에 쬐끔씩 매수중이에요,475720
제이앤씨,2024-12-23T11:22:06+09:00,커버드콜은 횡보 약상승/약하락 일때 좋습니다. 네 국장입니다,475720
금융취약계층,2024-12-20T14:50:50+09:00,"RISE 200 안에 삼전 비중이 23%인데,
RISE 200 위클리커버드콜 안에 삼전이 또 18 %",475720
인평동남,2024-12-20T12:56:17+09:00,나중에 분배금까지면 진짜7000원대까지 가겠는데;;,475720
아먼데1257,2024-12-20T11:28:37+09:00,"분배금을 주긴 커녕
원금을 퍼먹누 ㅋㅋ",475720
꽐라코알라,2024-12-20T10:41:36+09:00,9000원대 회복가능하다고 보시나요?,475720
코카콜라몰빵,2024-12-20T10:06:18+09:00,음,475720
내계획은3년짜리야,2024-12-20T09:29:19+09:00,이건 노답이네,475720
초심자의저주5년,2024-12-19T09:16:46+09:00,갭하락 단타,475720
서초동자주포,2024-12-19T09:02:52+09:00,그냥 걸어봤는데 저항없이 그냥 뚫고 지나가네..,475720
인평동남,2024-12-19T09:01:35+09:00,와....,475720
200배당,2024-12-18T18:18:02+09:00,ATM기로 사몽하면 딱일듯요,475720
새싹주린군,2024-12-17T16:01:54+09:00,하.. 국장의 일드맥스네.. ㅠ,475720
정콩민,2024-12-17T15:21:41+09:00,다 ----' 죽어--------,475720
금융취약계층,2024-12-17T14:20:00+09:00,FALL 200 으로 상품명 바꾸어야 할 듯,475720
로도코코스,2024-12-17T09:42:48+09:00,"💡 배당 관련, 이걸로 끝! 🎯
📅 배당은 언제 받을까? 🕒
🛒 지금 사면 배당 받을 수 있을까? 🤔
💸 배당금, 진짜 이익일까? 💰
👉 https://rhodococcus.tistory.com/82",475720
새노래,2024-12-16T21:54:53+09:00,"이게뭐야
지옥이네",475720
코카콜라몰빵,2024-12-16T20:02:01+09:00,음,475720
배당돌파180,2024-12-16T17:31:39+09:00,ㅠ이러다 다죽어,475720
했재와그랬제,2024-12-16T13:53:41+09:00,코덱스로 갈아타야겠다... 더떨어지고 덜오르고 ㅋㅋ 먼의미야..,475720
대니보이,2024-12-13T15:22:44+09:00,"탄핵후 외국인들
들어올듯",475720
애봉22,2024-12-13T10:01:13+09:00,매일 한주씩 가보려고합니다,475720
인평동남,2024-12-12T14:49:18+09:00,삼전비중 제일 많으면서 삼전 올라갈땐 못따라가노;;,475720
파이팅짱,2025-01-10T10:30:17+09:00,줍줍,449450
월배당80만원,2025-01-10T10:03:34+09:00,🐜,449450
노르웨이왕자,2025-01-09T15:31:01+09:00,"오전만 하더라도 떨어지나 하고 실망했는데

다 들어 올려놨네요. 내일이 더 기대가 됩니다.

신고가 찍으러 달려주길 바래봅니다.

한화오션 아주 기특합니다.",449450
한스밴드,2025-01-09T15:18:09+09:00,조용히 꾸준히 올라가네요. 조용해서 잘 모른다는..,449450
월배당80만원,2025-01-09T11:30:50+09:00,돈이없어서 국경만!,449450
승리의V,2025-01-09T11:18:29+09:00,떨어진다 싶으면 일단 사버려~,449450
파이팅짱,2025-01-09T10:23:37+09:00,줍줍,449450
월스트리트햄스터,2025-01-08T09:10:58+09:00,ㅇㅇ,449450
멈추지말고달려,2025-01-07T10:17:29+09:00,이걸 회복하네.. 방산업에 종사하는 사람으로 뿌듯하다^^,449450
월스트리트햄스터,2025-01-07T10:11:17+09:00,전고점:22650,449450
월배당80만원,2025-01-07T09:27:00+09:00,난🐜,449450
nemmu,2025-01-02T10:39:15+09:00,오~~ 무슨일이야! ㅋㅋ,449450
개인정보보호맨,2024-12-30T09:45:50+09:00,고고싱,449450
배당으로건물주,2024-12-27T14:41:38+09:00,믿는다,449450
파이팅짱,2024-12-27T11:43:21+09:00,줍줍,449450
파이팅짱,2024-12-24T12:09:26+09:00,줍줍,449450
금융소득을꿈꾸는변호사,2024-12-23T13:11:12+09:00,https://naver.me/GBFHTjfa,449450
김부자리치킴,2024-12-23T12:51:27+09:00,갑자기?,449450
nemmu,2024-12-19T13:05:33+09:00,오 드디어 출발하나?,449450
겨울이온다구여,2024-12-16T10:03:04+09:00,넌 쓔레기야,449450
월스트리트햄스터,2024-12-16T09:04:39+09:00,ㅋㅋ,449450
파이팅짱,2024-12-12T21:49:58+09:00,줍줍,449450
월배당80만원,2024-12-12T16:54:39+09:00,김장 배추 사야지!,449450
김부자리치킴,2024-12-12T13:31:29+09:00,"미국 상장이 목표라는 내용있던데 추진은 하고 있는건지, 가능성이 있는지는 어떻게 알아가는게 좋나요?",449450
엄마돈마니벌어와서떡뻥사죠,2025-01-09T14:02:44+09:00,와 포기할뻔했는데 올라가네... 😭,455850
미스터상하이,2025-01-02T13:02:21+09:00,이거 별로임요? 인기가 전혀 없네,455850
만23세젊은자산가,2025-01-08T11:31:30+09:00,"어제 헷지로 ACE TOP7 plus 레버를 전량 익절하여 현금화 했는데요. 바라진 않았지만 미국 빅테크들에게 조정이 있었습니다.🙂

그래도 이번주 금요일부터 반도체 회사들이 좋은 실적 보여줄거라 기대하여 레버는 줄이고, 본주로 새롭게 8000만원 정도 진입했습니다.🔥🔥 레버가 아닌 1배 종목은 물려도 들고 갑니다.",497570
코코애긔,2025-01-06T09:39:59+09:00,판매대기가 더많은데 안내려가네요...신기하네,497570
K스칼렛,2025-01-06T09:06:38+09:00,"쭉쭉 치솟아뢋 얍 !!!!!!
한주간 대박성투 되시길요!!!!!!!!!
#당산벙커",497570
고덕영,2024-12-27T08:56:44+09:00,이것은 월배당 있는지요?,497570
치키인인,2024-12-24T21:05:44+09:00,"왜 다들팔죠,?",497570
쩌억이,2024-12-24T12:56:38+09:00,"수수료 뭔데 이렇게 괴랄하냐
차라리 odex미국반도체mv산다",497570
K스칼렛,2024-12-24T08:47:01+09:00,"후아 예상체결 12,200 실화ㅎ_아닐듯ㅋ
ㅁㅔㄹ! 클스마스 되시길욥 *;,,,,,,;*",497570
K스칼렛,2024-12-23T08:56:56+09:00,"한주간 대박되시길요^^
으으으으으으뢋차차
천원쯤 쑥 쏫꾸처뢋 얍ㅎㅎㅎ",497570
파이팅짱,2024-12-19T10:30:36+09:00,일단 대피,497570
방구석투더리,2024-12-17T09:29:50+09:00,ㅋㅋ 벌써 11000원을 뚫네 ㅋㅋ,497570
50억부자되기1,2024-12-16T23:56:51+09:00,"아 내일두 마니 오르겠네
브컴❤️",497570
다이나믹K,2024-12-16T15:12:57+09:00,"구질구질한 설명은 모르겠고

AI 관련 주들 중 오를만한 놈들 모아놨다고 생각해서 매수함",497570
albright,2024-12-16T10:37:51+09:00,반도체 쌀때 사둘려구 구입,497570
K스칼렛,2024-12-13T15:51:45+09:00,"끼아아아앜 ㅎ,
월욜 폭등할듯한 ㅎ,
누구든 대박성투 되세여 ㅎ,",497570
50억부자되기1,2024-12-13T11:00:09+09:00,"앱장 브로드컴때매 오르는건가?
ㄱㅇㄷ",497570
저하늘에별을,2024-12-13T10:29:43+09:00,반도체는 조정이 일상이라 천천히 모아 보려고 합니다 ..,497570
방구석투더리,2024-12-13T09:31:17+09:00,어이가 없네 본장은 많이 떨어져서 줏을라고 대기하고 있었는데 앱장에서 날아가네 ㅋㅋㅋ,497570
파이팅짱,2024-12-13T09:17:30+09:00,줍줍,497570
TLTW,2024-12-26T10:21:24+09:00,.,479520
가쿠가쿠,2024-12-19T13:59:10+09:00,이거 괜찮아요?ㅎ,487340
주식판독기기,2024-12-30T11:52:12+09:00,갑자기 2프로뭐지..,438080
카피충,2024-12-24T15:18:53+09:00,"와 채권 비중 높은데 꾸준히 올라가네...채권 가격 하락 중이라 채권 가격 영향이 더 클 줄 알았는데...
저는 퇴직연금 계좌로 운용 중",438080
stilllife,2025-01-08T16:18:01+09:00,금융투자가 겁나 매집하긴 하는데.. 물타기일까요.. 언젠가 오를 거 같긴한데,394670
부자건강행복,2025-01-12T12:08:12+09:00,"이거 인기없는 이유 무엇인가요
전력 산업 유망할 거 같은데요",487230
불꽃미국장,2025-01-08T04:07:05+09:00,숨은 맛집 찾아버렸네,487230
두려워겁씨나,2025-01-04T07:24:35+09:00,예전처럼 우상향 가자~~,487230
러블리블리,2025-01-02T22:10:37+09:00,이건 배당안주나요? 소식도 없는지? 심지어 커뮤도 조용하네,487230
미니마니무,2024-12-27T21:46:51+09:00,미국 ai오르면 이것도 오르는건가요?,487230
러블리블리,2024-12-27T09:19:43+09:00,이건 배당금 관련해서 소식이 없는지 ㅠㅠ,487230
이름뭐시기,2024-12-26T10:43:40+09:00,장기적으로 보려고 했는데 그냥 달러만 사도 될거같은...,487230
공포에팜,2024-12-20T17:56:16+09:00,이번 겨울 난방가격 투입중,487230
이름뭐시기,2024-12-20T13:06:44+09:00,장기적으로 봅시다,487230
운블파,2024-12-19T12:43:44+09:00,떨어지는 날마다 줍다 보면 웃는 날이 오겠죠,487230
Tohu,2024-12-18T15:44:27+09:00,"하필 고점에 물렸네 ㅋㅋㅋ
반도체 테마주나 더 살껄
뭔 전기여 ㅋㅋ",487230
꾸름이냥,2024-12-18T10:04:34+09:00,나스닥과 테크정리하고 넘어왔는데. 영 힘이 없네요. 잘못된 선택이였나. 역시 테마주는 안되는건가...,487230
SpaceCowboy,2025-01-09T15:44:18+09:00,"(1) 국내 vs 해외

국내 주식(배당·성장형, K-바이오 등)도 선방 중이나,
미국 주식이 수익률 면에서 거의 항상 우위이므로 한국 주식은 배제.


(2) 패시브 투자 한계

시장의 초과 수익을 노리기엔 패시브만으론 제한적.
패시브를 기본으로 하되, 알파(+α)를 더해야 한다고 판단.


(3) 타임폴리오 펀드 성과

지난 1-3년간 실제 수익률로 입증된 몇 안 되는 국내 펀드 중 하나.
연 0.8% 수수료에도 레버리지 없이 이 정도 성과를 낸 점이 인상적.
본인은 레버리지 투자를 지양하는 편.


(4) 퀀트 엔진 & 포트폴리오 시스템

타임폴리오의 운용 전략이 비교적 잘 작동 중으로 판단.
이 전략으로도 국내 시장에서 성과가 미미하다면, 한국 주식은 여전히 쉽지 않다는 결론.


<새로 편입한 6개 종목>

TIMEFOLIO 글로벌소비트렌드액티브 ETF (494180)
TIMEFOLIO 글로벌안티에이징바이오액티브 ETF (485810)
TIMEFOLIO 글로벌우주테크&방산액티브 ETF (478150)
TIMEFOLIO 글로벌AI인공지능액티브 ETF (456600)
TIMEFOLIO 미국S&P500액티브 ETF (426020)
TIMEFOLIO 미국나스닥100액티브 ETF (426030)


[투자 아이디어 요약]

경기가 어려워도 기본적 소비는 멈추지 않음.
돈 많은 사람들은 수명 연장에 투자 (베이비붐 세대의 건강·노화 관심 증가).
전쟁·방위산업은 상시 성장 가능성. 우주개발, 드론, AI와 접목될 것.
AI·안드로이드 로봇은 미래의 핵심.
S&P·나스닥은 투자 필수 요소로 판단.


(향후 계획)

편입 비중은 추후 더 고민하여 조정 예정.",426030
불타기불개미,2025-01-09T13:50:09+09:00,2600원에 좀 더 담았어야하는데.. 달러에 물리가... 하...,426030
재재구,2025-01-07T11:31:39+09:00,캬 엔비 비중 올려준거 👍🏻👍🏻👍🏻,426030
고속정,2025-01-07T09:30:36+09:00,"CES 2025행사 있으니 이번주는 상승이죠,,,,",426030
고속정,2025-01-06T09:16:45+09:00,"싼타랠리 효과 없었으니 이제 상승이죠,,,",426030
협객세일러,2025-01-04T02:18:03+09:00,다음주가 기대되는군,426030
리노월드,2025-01-02T15:36:35+09:00,"고민하다가 서학개미 줍줍했는데
수수료좀 어떻게 경쟁있게 안되겠니? ㅠㅠ",426030
고속정,2024-12-27T12:20:55+09:00,"국장 폭망인데 나스닥 추종이니 매수,,",426030
고속정,2024-12-27T11:14:57+09:00,"내년까지는 존버죠,,",426030
꽃피는계절,2024-12-27T10:07:33+09:00,"마스 비중이 9%, 한달동안 3%가량 낮추긴 했습니다.
그래도 마스가 좀 불안불안한게... 발목잡는 애가 될 느낌",426030
익절만하는강아지,2024-12-27T09:57:25+09:00,하락하는 날만 하나씩 재미로 사도 수익률이 높음 ㅋㅋ,426030
협객세일러,2024-12-25T09:36:23+09:00,"연저펀이나 ISA 하고계신분들
이 상품 꼭 고려해보세요",426030
우량주만취급,2024-12-25T03:09:13+09:00,오늘 대호황이라 얼마나 올랐을지 기대되네ㅎㅎ,426030
hoonnyy,2024-12-24T18:24:41+09:00,"선생님들.
이건 그냥 일반계좌에서 사고팔고 하시나요?
15.4프로 뱉어낸다해도 1년수익률이 80%이상이면 세금은 신경도 안쓸텐데요.",426030
마징가m,2024-12-24T10:22:18+09:00,영자님 이젠 마스 비중 줄여주세요 젭알,426030
고속정,2024-12-23T15:38:01+09:00,"나스닥 연말 랠리 보이겠죠,,,,",426030
사직동크라운,2024-12-23T15:23:43+09:00,할인을 놓쳤습니다 ㅠㅜ,426030
고속정,2024-12-23T13:11:53+09:00,"근래에 나스닥 빠졌었는데 이제 상승장 열리겠네요,,,",426030
오또만,2024-12-20T10:20:40+09:00,할인인듯,426030
우량주만취급,2024-12-19T08:32:51+09:00,오늘 다시 들어가야겠네..,426030
마징가m,2024-12-19T07:02:16+09:00,파월형 살려줘,426030
쩌리여라,2024-12-17T13:06:07+09:00,이겆 참좋아 짭짤한주식,426030
호93장,2024-12-17T12:41:21+09:00,좋네요 ㅎ,426030
만보달세,2024-12-17T11:52:06+09:00,와 너무 날라가는데,426030
우리애들밥줄,2024-12-16T13:34:41+09:00,"최고가 이지만, 포트폴리오보니 운용을 너무 잘하는것같아 아이 주식계좌에 담아주었습니다🔥
훨훨 날아갔음 좋겠네용😊😊😊",426030
사직동크라운,2024-12-16T10:11:55+09:00,"나만알고싶은 타임폴리오
평생 갑시당
더이상 소문 안났으면 좋겠어요 ㅎㅎㅎ",426030
마징가m,2024-12-16T09:14:18+09:00,"포트만 봐도 믿음직
그들은 신이다",426030
님들모두익절,2024-12-16T09:05:40+09:00,또 최고가야? ㅎㅎㅎ,426030
쩌리여라,2024-12-13T10:27:54+09:00,묻어두고 잊으먼 올라잇는마법을보는 주식,426030
꽃피는계절,2024-12-12T16:34:52+09:00,"최근 2주 동안 TIMEFOLIO 미국나스닥100액티브 ETF 비중 변화
증가 : 테슬라 1.2%, 나스닥?: 2.6%, 코인베이스:1%,
메타와 아마존 상위 10개 항목에 들어옴
감소 : 마스 2.2%, 엔비디아 2.9%,
넷플과 버티브가 상위 10개 항목에서 제외됨

운용책임자 중에 국민연금에서 10년 가까이 하시던 분이 있던데
ETF 이름처럼 액티브하게 운용하시네요
이정도면 믿고 투자할 만한 거 같습니다",426030
지초선,2024-12-12T09:04:24+09:00,신인가..?,426030
방구석엔사과농장,2025-01-08T19:12:46+09:00,달러 비싼데 이걸로 가볼까,452360
Harutya,2025-01-05T19:12:38+09:00,"연금계좌로 이거 사는분 계시나오 ?
달러 비싸면 이거 사는게 장투시 이득 같은",452360
월배당일억,2025-01-03T09:14:18+09:00,아,452360
이슈드,2025-01-02T11:04:16+09:00,배당일 도키도키,452360
액션머니,2025-01-01T06:55:29+09:00,"① 24년 1~12월 배당금 총액 & 지급일
② 연간 배당금 총 합계 & 배당률 계산

※ 24년 배당금 지급이력 (전년 동월 대비)
12월분 : 33원 (+2원) 1/2(목) 지급
11월분 : 45원 (+12원)
10월분 : 33원 (+6원)
9월분 : 31원 (+3원)
8월분 : 36원 (+3원)
7월분 : 36원 (+13원)
6월분 : 39원 (+7원)
5월분 : 40원 (+9원)
4월분 : 34원 (+13원)
3월분 : 25원
2월분 : 31원
1월분 : 29원

*24년 배당금 총계 : 412원
*배당률 환산 : 약 3.65%
(주가 : 약 11,300원 기준)

*배당금 지급 주기 : 월 배당


※ 24년도 : 4월부터 꾸준히
전년 동월 대비 배당금이 인상된 부분이 인상적이며
점점 금리가 하락하는 환경에서
배당금이 지속적으로 상승하고 있어서
현금 흐름을 쫓는 자금들의 관심과 수요가
증가하는 형태로 해석됩니다.


※ Schd 지수 특징 & 배당주 선정 특징

Schd는 탄탄한 배당주 100개를 선정
& 운용하기 위하여
매년 정기적으로 리밸런싱을 진행합니다.

선정 조건 :
10년 이상 꾸준한 배당 지급
5년간 배당 성장률을 기반으로
100개 기업을 선정하여
100개 기업에 투자 되지만
상위 1개 기업들의 비중이
전체 비중의 약 40% 차지하는
특성을 갖고 있습니다.


※ 해당 ETF는 연금저축 계좌에서 투자도 가능하여
배당금 비과세 적용 전략을 활용하실 수 있습니다.
(~55세까지 배당금에 대한 세금 15.4%가 부과되지 않으며
연금수령 신청시 5.5% 세금이 부과됩니다.)

★ 연말시즌 연금저축 계좌 600
/ IRP 계좌 300만원 한도로
두 가지를 활용 시 최대 900만원까지
16.5% ~ 13.2% 세액공제 혜택은
엄청난 효과가있으니 꼭 상세한 장/단점을
살펴보시고 활용하시는 편을 추천드립니다~",452360
월배당일억,2024-12-27T20:09:46+09:00,아,452360
대황LlLl,2024-12-27T13:43:14+09:00,왜 여기 사람들이 안오지,452360
월배당일억,2024-12-24T11:50:31+09:00,아,452360
월배당일억,2024-12-19T12:04:43+09:00,아,452360
오이싫어하는,2024-12-19T10:13:57+09:00,아,452360
월배당일억,2024-12-17T19:45:43+09:00,아,452360
월배당일억,2024-12-16T12:13:59+09:00,아,452360
캐논광,2024-12-13T19:32:07+09:00,연속 10일째 하락 이군요 헐 ㅋㅋㅋㅋ,452360
월배당일억,2024-12-13T10:52:25+09:00,아,452360
qqqqqqqqqqqqqz,2024-12-12T10:21:32+09:00,환헷지로 사는게 장기적으로 안전하까요?,452360
극한똥손,2024-12-27T11:37:41+09:00,와.. 여긴 코스피랑 반대로 불끈불끈하네요,241180
자유8,2024-12-12T10:25:13+09:00,1년 기간으로 코스피 분할매수로 이동 합니다..,365780
뵵뵵뵵,2025-01-03T11:14:28+09:00,배당금 들어왔나요?,475080
방구석엔사과농장,2025-01-02T20:56:46+09:00,형님들 이거 irp 안전자산 30%에 못넣죠?,475080
뵵뵵뵵,2024-12-24T09:24:37+09:00,테슬라올라도 하락하네ㅠㅠ,475080
깨깨교주,2024-12-23T11:40:04+09:00,어 머지 왜이리 오르지 ????,475080
행복회로풀가동,2024-12-18T11:27:42+09:00,"연금 IRP계좌인데
나머지 30%는 다 여기다 넣어야할듯
맛도리네요
과연 미국테크Top10 채권혼합과 어느정도 차이가 날지 궁금함",475080
퀀텀점프LuckyHappy,2024-12-17T09:06:05+09:00,최고점인데 파는 사람이 있는건 뭐에요?,475080
깨깨교주,2024-12-16T10:59:26+09:00,헐 드뎌 1만원 돌파,475080
잘해서돈벌자,2024-12-19T11:19:24+09:00,아프네ㅠ,448300
미미미술학원,2024-12-28T12:10:26+09:00,"몇일 전 1호선 지하철 드디어 12년만에 개통했고 호치민에서 하노이까지 수십시간걸리던 이동거리를 줄여줄 철도사업승인까지
완공될될때까지 우상향 맘편히

개발도상국 경제가 어땠는지 생각해보면
너무오른 미장 혼돈의 국장보다
맘편히 베트남etf가 미래를 풍요롭게 해줄듯",245710
어린늑대,2025-01-09T09:29:53+09:00,코스닥 개잡주,251340
BlackKaiser,2025-01-09T03:13:26+09:00,내 최애 종목. 대주주 되고싶다. 진심,251340
어린늑대,2025-01-08T15:30:41+09:00,4,251340
어린늑대,2025-01-08T09:53:42+09:00,고고,251340
멘유홀란드,2025-01-07T13:59:27+09:00,코스닥은 신인가 ㄷㄷ,251340
초보걸음,2025-01-06T09:15:36+09:00,"이주식은지수에영향받는거죠?
사는사람들과는무관하죠?",251340
어린늑대,2025-01-03T17:12:06+09:00,분할2,251340
돈좀내놔,2025-01-03T15:45:25+09:00,한국은 혼란스럽다 인버스 모으다가 한번에 탈출각 한번 잡으면 될듯,251340
어린늑대,2025-01-03T13:56:20+09:00,코스닥 개잡주,251340
호궁이이,2025-01-03T10:23:05+09:00,휴 물탈준비하자,251340
돈좀내놔,2025-01-03T09:45:41+09:00,기다려라 한국은 지금 혼란하다,251340
스톤송,2025-01-02T11:17:36+09:00,자 새해부터 인버스야 잘 부탁해,251340
이로로이,2024-12-30T16:51:54+09:00,"한달째 들고 있어보고 있는데
아직도 수익중인게 레전드네",251340
껀듀와떠,2024-12-27T11:21:15+09:00,귀..여워..,251340
초보걸음,2024-12-26T12:31:43+09:00,지수가오르나봐요,251340
끈끈잉,2024-12-20T14:11:28+09:00,더 갈 것 같지만 일단 익절,251340
핀갓추종자,2024-12-20T14:05:04+09:00,국장중에 유일한 가치투자,251340
개노답3형제,2024-12-20T12:40:37+09:00,ㅋㅋㅋ 역시 국장은 인버스가 답이군요,251340
개노답3형제,2024-12-19T13:58:40+09:00,인버스 하락이 맞나 ㅡㅡ 이것도 결국 개잡주 한국주식이네,251340
멘유홀란드,2024-12-19T09:09:44+09:00,인버스가 국장에서 제일 쉽네 이게 맞냐 ㅋㅋㅋㅋ,251340
까까옼,2024-12-19T08:54:17+09:00,오늘 기대되네 ㅋㅋㅋ 너도 처올라야지 오늘,251340
이생굿,2024-12-19T06:54:12+09:00,오늘 다시 진입,251340
BlackKaiser,2024-12-19T02:06:28+09:00,"투자기회비용 생각하면, 헬조센에 투자를 해야할까? 아님 정상적인 기업에 투자를 할까",251340
문대우오,2024-12-18T19:17:43+09:00,굿,251340
개노답3형제,2024-12-18T12:16:27+09:00,이거 몰빵해도 될듯🤣🤣🤣 미장 처분하고 여기로 온다 기둘,251340
김성은선생님의투자교실,2024-12-16T13:05:33+09:00,🧐🧐😋😋💵💵,251340
호오포노,2024-12-14T14:58:36+09:00,"월요일 탄핵가결에 따른 불확실 해소로
코스닥 최소 10%이상 상승으로
코스닥인버스 10%하락이네요",251340
진정해도파민,2024-12-14T05:16:39+09:00,ㅠㅠ,251340
돈좀내놔,2024-12-13T15:23:51+09:00,왠지 토요일 또 넘어가고 불안요소 때문에 인버스 급등할 확률좀 있을듯,251340
핀갓추종자,2024-12-13T14:37:49+09:00,내 유일한 국장 화이팅,251340
개미의피땀눈물,2024-12-13T12:42:36+09:00,음전하자,251340
호궁이이,2024-12-13T12:14:47+09:00,하,251340
월시호,2024-12-12T18:07:23+09:00,이와중에 잃었네 ㅋㅋ,251340
리자몽화염방사,2024-12-12T13:46:39+09:00,아.. 고점이 팔걸..종가에 다시와야지,251340
리자몽화염방사,2024-12-12T12:23:46+09:00,국장 누가 돈 못번댓노,251340
nbvvuj,2024-12-12T11:58:38+09:00,양전가자,251340
돈좀내놔,2024-12-12T11:26:29+09:00,오늘 또 윤석열 한마디 했는데 빨리 인버스좀 올라라,251340
맛동산필,2024-12-12T11:13:55+09:00,❤️국장 인버스가 답이다,251340
리자몽화염방사,2024-12-12T10:31:50+09:00,가즈아~~~,251340
꾸름이냥,2025-01-08T12:05:29+09:00,흐음,466950
머니세이버,2024-12-20T08:05:33+09:00,"투자하실 때 실제 부담비용, 운용성과 등 참고하셔서 도움 되셨으면 합니다

자세한 정보는 아래에 더 많이 있습니다.

https://m.blog.naver.com/money_saver777/223698251243",466950
세아빠덜,2024-12-17T11:04:59+09:00,미장이 답,472160
배애액푸우로,2024-12-13T09:53:39+09:00,제일 쪼금 넣었는데 제일 높이 올라가냐,472160
1000만원좌,2025-01-09T16:06:16+09:00,"이 종목 하지 마세요.

개인이 먹을 수 있는 종목이 아닙니다.

괴리율 너무 크고

증권사 용돈벌이용이 아닌가 의심될 정도입니다.",423920
명순조,2025-01-07T10:02:10+09:00,직투하러 떠납니다..,423920
유앙아바,2025-01-06T23:36:01+09:00,반도체 최고,423920
명순조,2025-01-03T12:36:06+09:00,재입성합니다,423920
명순조,2024-12-27T15:22:57+09:00,떨어지면 다시옴니다,423920
누적누적,2024-12-21T19:06:14+09:00,안녕하세요 월요일에 입성하겠습니자,423920
신율즈,2024-12-19T09:59:14+09:00,일단 물타기지 뭐...,423920
신율즈,2024-12-17T11:45:26+09:00,형 3.3은 과욕인가?,423920
배당주몰빵집,2024-12-14T15:03:37+09:00,흑 월요일에 떡상이네 괜히 팔았따,423920
님들모두익절,2024-12-14T12:38:46+09:00,브로드컴 떡상하면서 soxl올랐으니 얘도 월요일에 기대해볼수있나,423920
신율즈,2024-12-13T09:35:10+09:00,시간외 반영인듯?,423920
명순조,2024-12-13T09:07:48+09:00,반도체 떨어졌는데 올라뿌네ㅋㅋ,423920
돈벌고싶은바규,2025-01-07T16:25:36+09:00,"2695 퇴직연금계좌
300주 매수",228790
또샀다,2024-12-20T08:28:35+09:00,비중순...,228790
또샀다,2024-12-19T15:38:24+09:00,겨우 10원 (0.3%) 밖에 안오른다고?,228790
아오떡락,2024-12-12T15:11:02+09:00,괴리심한데,228790
hopechan,2024-12-12T10:36:00+09:00,조만간 함 튀어오를듯.,228790
코으니,2024-12-12T03:41:54+09:00,제발 오르자,228790
제로제로제로,2025-01-04T18:27:37+09:00,"국장 같은 ㅆㄹㄱ장에 투자 비중을 둘때는
아무리 ETF라도 약간의 액티브가 필요하다
근데 패시브 ETF랑 유의미하게 다르게 운용하는지는 잘 모르겠네",494890
TLTW,2025-01-09T08:49:18+09:00,이것도 TR 생기면 좋겠어요,490490
TLTW,2025-01-04T10:18:43+09:00,연배당계산하면 3.98%로 나오네요.,490490
아몰라그만좀,2025-01-02T05:51:57+09:00,0.66% 이면 은행에 넣지 장난하나,490490
노랑아빠,2024-12-30T15:38:57+09:00,"이제 2달뒤면
DC계좌에 회사 부담금 입금 될텐데

TDF2050 하고 이종목 반반 모아갈 예정입니다

잘부탁드립니다

이 종목도 안전자산30프로에 해당 되겠지요?",490490
프리펀드,2024-12-29T17:39:38+09:00,이상하네 배당이 왜이리 적지,490490
루시퓌,2024-12-26T10:55:37+09:00,TDF2050에서 이걸로 갈아탔는데 잘한거겠죠?ㅎㅎㅎ,490490
TLTW,2024-12-25T09:42:54+09:00,"이거 SOL에서 구매안되죠?
신한은행 IRP하는데 없는 듯요",490490
TLTW,2024-12-25T09:35:15+09:00,이게 SCHD 50% +UTEN 50% 인거죠?,490490
배당배당배당큐,2024-12-20T13:16:47+09:00,"장기채로 커버드콜 치는게 더 이득인거 같은데?
타이거 엔비장기채, 장기채 2개종목에
코스피200 위클리
나스닥100 데일리
에센피500 데일리

5개만 들고가도 어차피 배당 재투자할거.
나중에 배당금 나오는거 많아서 감당 안될텐데.
굳이 연3퍼짜리 예금을 굳이??",490490
moneyformer,2024-12-15T12:07:53+09:00,"#SOL_미국배당미국채혼합50 24년 12월 배당 지급💰공시가 업데이트되었습니다.

SOL 미국배당미국채혼합50의 24년 12월 배당금은 주당 30원으로, 직전 월(24년 11월: 주당 40원) 대비 -25% 감소⬇️된 금액입니다.

SOL 미국배당미국채혼합50 구성 종목 TOP 10(24년 12월 13일 기준)

T 4 1/4 11/15/34= 24.92%
T 3 7/8 08/15/34= 14.51%
T 4 3/8 05/15/34= 10.07%
현금성 자산= 2.16%
미국채 10년물 및 현금성 자산 비중 합계= 51.66%

= 2.27%
= 2.23%
= 2.18%
= 2.14%
= 2.08%
= 1.91%
미국배당다우존스 비중 합계= 48.34%

더 자세한 내용은 아래에서 확인됩니다.👇",490490
미신나무,2024-12-15T11:27:24+09:00,"퇴직연금 안전자산 30%
슨피500채권혼합액티브에서
얘로 갈아탔습니다",490490
일해라돈들아,2024-12-20T15:54:50+09:00,떨어질때마다 줍줍하는 중🐢,361580
존보걸,2024-12-21T13:57:26+09:00,장기투자하기에는 총보수 0.2% 너무 비싸요,488500
은이은이,2024-12-18T10:31:08+09:00,몰라서 여쭤봅니다,488500
lIiliII,2025-01-09T04:54:05+09:00,"지금 트럼프 정책 때문에 인플레이션이 예상되서 금리 인하폭도 줄어들것이라 예상되고 그것 때문에 지금 국채 이율이 올라가잖아요? 국채 이율이 오른다는건 기존 국채 가격이 떨어진다는건데

이 종목은 그러면 앞으로 트럼프의 정책에 따라서 금리 인하가 더뎌지거나 동결 또는 인상되게되면 이득인 종목 맞죠?",473330
Sidebar,2025-01-08T13:26:20+09:00,9400 매수라인,473330
띡똑따,2025-01-08T11:47:39+09:00,"최소 다음분기까지 금리 상승과 환율은 점차 안정기로

그래서 더 떨이질 전망입니다 .
모아가시는 분들은 기회될듯",473330
투쏘울,2025-01-08T09:32:00+09:00,"제발 월급날까지 떨어져주세요...
이러다가 월급날직전에 올라가지 말고...",473330
아현파더,2025-01-07T15:14:21+09:00,추매 했습니다,473330
양갱양갱이,2025-01-03T07:49:22+09:00,이친구 분배금은 왜 비과세인가요? 국내주식도 아닌데,473330
월300백가자,2025-01-02T15:52:01+09:00,헐,473330
워바이블,2024-12-28T08:25:12+09:00,155원 12월 배당 초대박입니다.,473330
코난도12,2024-12-27T11:50:24+09:00,"왜 ETF 이름은 30년이라 표기했는지?
아시는분??",473330
월300백가자,2024-12-27T11:18:47+09:00,흠,473330
빠다앙,2024-12-27T10:26:13+09:00,"ㅠㅠ 한발늦었네요.
근데 왜 오르나요..? 오늘사면 받는줄 알고있눈사람들 때문인가..",473330
주식의화신,2024-12-20T15:20:44+09:00,2년 숨겨두면 올라있겠죠?,473330
죠와쓰,2025-01-12T00:59:17+09:00,-마이너스 말고 다른리스크가 있나요? 교육도받아야되던뎅....,261260
승리의V,2025-01-06T12:04:32+09:00,이거로 환율 햇징하고 미장 매수하면 되는거죠?,261260
유앙아바,2025-01-06T09:38:57+09:00,"원래 숏은 안사는데 이건 진짜 사고싶네요..
환율 진짜 너무하당..",261260
됴리뿅,2024-12-27T17:11:10+09:00,달러를 사고 이걸 매수하고 달러로 미국장 쇼핑하면 되네,261260
콜라적금,2024-12-27T14:05:33+09:00,미국을 배신하면 벌 받을까요..?,261260
수상할정도로돈이없는퍼리,2024-12-27T11:44:15+09:00,헷징,261260
전승회,2024-12-27T10:45:20+09:00,매수,261260
오지않을저점을기다려요,2024-12-27T09:48:42+09:00,.,261260
다이버스,2024-12-27T09:20:37+09:00,손절 1500원 넘을것 같음,261260
Sidebar,2024-12-27T09:13:43+09:00,환율 1490오면 매수,261260
하루8,2024-12-24T17:12:48+09:00,원화가 똥값되는마술~~,261260
별별짱이,2024-12-24T15:32:50+09:00,"분할매수하려고 보는데
이건 뭐 헷갈리게 할 데드캣도 없어서

손도 못 대겟다",261260
오지않을저점을기다려요,2024-12-24T14:58:48+09:00,.,261260
다이버스,2024-12-24T14:58:32+09:00,아 계속 내려가네... 이거 계속 들고 있어야하나 고민이네,261260
쪽방촌일론머스크,2024-12-24T10:08:41+09:00,크리스마스 케이크값 벌기,261260
오지않을저점을기다려요,2024-12-23T12:45:41+09:00,.,261260
개미등골브레이커,2024-12-19T14:07:40+09:00,"달러는 뒤져야 제맛
기축통화는 원화뿐이다",261260
오지않을저점을기다려요,2024-12-19T09:09:51+09:00,.,261260
다이버스,2024-12-19T08:39:08+09:00,망했다 환율 안내려갈듯,261260
오지않을저점을기다려요,2024-12-16T11:38:05+09:00,.,261260
뇌동매매자중해,2024-12-14T22:22:41+09:00,탄핵가결로 정국의 불안정 리스크가 일부 해소되면서 달러 조정은 불가피한 일이 될거 같습니다. 수급이 살아날지 지켜봐야겠습니다.,261260
lestock,2024-12-13T15:33:52+09:00,탄핵 가결 예상합니다,261260
오지않을저점을기다려요,2024-12-13T13:03:45+09:00,.,261260
달타냐,2024-12-19T18:57:38+09:00,고금리 장기화 시대에 적합한 상품인듯요.,499660
로도코코스,2024-12-17T15:25:20+09:00,"🚀 신상 등장! TIGER CD금리플러스 💰
🔍 KODEX 3개월 vs TIGER 1년금리와 뭐가 다를까?
✔ 월배당 + 추가 금리까지 챙기는 플러스 전략!
👉 https://rhodococcus.tistory.com/86",499660
대황LlLl,2024-12-17T12:10:16+09:00,5,499660
21프로,2024-12-17T11:02:37+09:00,이거 괜찮나요?,499660
밤호엥,2024-12-17T10:12:24+09:00,3,499660
WONLEEE,2024-12-17T09:46:54+09:00,2,499660
금융취약계층,2024-12-17T08:29:25+09:00,1,499660
서몽몽이,2025-01-08T15:18:42+09:00,1월 배당락일 언제일까요?,480020
고라니월드,2025-01-04T23:26:55+09:00,전 인컴투자 안해도 상관 없는데 그러면 Ace보다 Tiger나 Sol가 더 유리할까용? 세금은 시드머니 작아서 배당소득세만 낼 것 같아요,480020
언폴드,2025-01-03T11:08:04+09:00,기록용,480020
익절만하는강아지,2025-01-03T09:29:35+09:00,주식은 떨어지는 날 사는 것,480020
zjin,2024-12-30T10:11:58+09:00,잠깐 쉬어갑니다,480020
ETF망령,2024-12-26T14:48:45+09:00,"ㆍtiger가 가장 훌륭한 성과를 보였습니다. 구성종목 간 가중치가 매우 적절하다고 생각합니다.
ㆍkodex는 ai하드웨어 종목 비중이 높은 만큼의 퍼포먼스입니다. 준수합니다.
ㆍace는 셋 중 유일하게 OTM이며, 나스닥 100보다 약간 나은 정도입니다. 아쉽습니다.",480020
칠십에주식,2024-12-23T09:53:55+09:00,배당과 수익 10%. ..이대로 만 가주세요.오늘26일 14%수익. 익절 유혹을 느끼나 참으려고요,480020
귀염둥이스머프,2024-12-17T23:15:32+09:00,"팔아버리니 굳이 역시 올라버리는 군..
괜차나~
Isa에 더 있어~",480020
Getaway,2024-12-17T14:31:16+09:00,결국엔 보여주네요 갸꿀입니다 ㅋㅋ,480020
Justbuying,2024-12-16T01:13:58+09:00,합성은 무슨 의미인가요?^^,480020
가택연금,2024-12-12T22:59:17+09:00,짱이야!,480020
눈으로지은집,2024-12-12T21:50:32+09:00,"합성이라 살짝 걱정했는데 10% 수익 보고 재진입했음에도 또 재진입 생각이 드네요.
합성 커버드콜인데 성장률 높은 것은 보면 역시 펀드 매니저의 능력이 중요하다는 생각이 듭니다.
다만 실물이랑 약간 다르게 움직이는 것을 보면 이 종목에 대해 정보공시를 더 해줬으면 좋겠네요.",480020
액션머니,2024-12-12T20:35:43+09:00,"① 12월 배당금 지급금액 & 지급일
② 상품 특징

※ 24년 월 분배금 지급이력 (전월대비)
12월 : 186원 (+19원) 12.17 화 지급
11월 : 167원
10월 : 139원
9월 : 129원
8월 : 132원
7월 : 156원
6월 : 155원
5월 : 91원

※ 상품특징
미국 빅테크 기업 중
시가총액 상위 10개 기업으로 구성된 지수를 매수하면서
+데일리 옵션을 활용한 QQQ OTM 1% 커버드콜 전략으로
월 분배금 재원을 마련합니다.

최근 9월부터 10월, 11월, 12월분 분배금까지
4개월 연속하여 월 분배금이 증가하고 있음
이는 커버드콜 전략을 통한 콜옵션 매도에
의한 수익이 효율적으로 발생하고 있음을 의미

*주의 : 단 해당 상품은 현재
강달러가 → 약달러로 전환 될 경우
ex) 1,400원 → 1,200원
-10% 이상 환손실에 노출될 수 있어
달러 변동에 따른 위험성을 갖고 있습니다.
(환헷지 (H) 상품이 출시되면 좋을것 같습니다.)


*커버드콜 상품 주의사항
목표/예상 분배율 : 확정 분배율이 아닙니다.

커버드콜 상품들은 [횡보장]에서는 유리하나
[상방]이 제한되는 비대칭 손익구조를 갖는 경우가 대부분이기 때문에
해당 장/단점에 대한 숙지가 필요합니다.",480020
홈텐더,2024-12-12T14:09:09+09:00,어제보다 분명 다 올랏는데 왜 -10된거지,480020
조비얌,2024-12-12T09:03:27+09:00,ISA계좌에 2000 박아놓고 잘 키우는중 우상향과 꾸준한 배당 좋아요,480020
Getaway,2024-12-12T08:36:39+09:00,토스식 배당락 그래프는 여전히 적응이 안됨 ㅋㅋ,480020
돌잡이때삼전잡음,2025-01-08T16:45:17+09:00,나갑니다ㅜ,132030
바닥주알려드림,2024-12-27T11:58:14+09:00,안전자산 비중확대,132030
그만좀해,2025-01-09T18:20:17+09:00,"해당 상품은 운용보수가 어찌될까요..
기본은 0.3퍼고 환헷지비용이 어느정도 나오는지...
Qld랑 비교해봤을때는 차이가 없어보이기는 하는데요",409820
세일전문,2024-12-19T10:24:59+09:00,절세 못참앙 30% 투입🎄,409820
성공의어머니는투자,2025-01-03T17:22:12+09:00,배당들어옴,472170
엄돈주,2025-01-03T16:03:45+09:00,IRP에 들고있는데 배당 안들어오신분??,472170
Wwwade,2024-12-13T09:39:22+09:00,irp 안전자산용도,472170
애쓰던마틴,2024-12-21T08:26:38+09:00,"'네 마녀의 날(Quadruple Witching Day)'은 미국 주식시장에서 주가지수 선물, 주가지수 옵션, 개별 주식 옵션, 개별 주식 선물의 만기일이 겹치는 날로, 매년 3월, 6월, 9월, 12월의 세 번째 금요일에 발생
이러한 날은 시장의 변동성이 커질 수 있으며, 미국 증시와 한국 증시에도 영향을 미칠 수 있음
아래는 2022년부터 2024년까지 '네 마녀의 날' 직후 미국 증시(SPY 기준)와 다음 거래일의 한국 증시(KOSPI 기준)의 상승 또는 하락 여부를 정리

2022년 3월 SPY 상승 KOSPI 상승
2022년 6월 SPY 하락 KOSPI 하락
2022년 9월 SPY 하락 KOSPI 하락
2022년 12월 SPY 상승 KOSPI 상승
2023년 3월 SPY 상승 KOSPI 상승
2023년 6월 SPY 상승 KOSPI 상승
2023년 9월 SPY 하락 KOSPI 하락
2023년 12월 SPY 하락 KOSPI 하락
2024년 3월 SPY 상승 KOSPI 상승
2024년 6월 SPY 상승 KOSPI 상승
2024년 9월 SPY 하락 KOSPI 하락
2024년 12월 SPY 상승 KOSPI ?



더 많은 글은 블로그에",277630
표범발a,2024-12-20T17:04:03+09:00,와,481180
탁구조,2024-12-20T13:33:51+09:00,상승,481180
꼼꼼이토토,2024-12-19T23:15:34+09:00,오르자,481180
쩌리여라,2024-12-17T13:05:02+09:00,팍팍오르는구만,481180
크크킄키,2024-12-17T09:28:43+09:00,igv랑 별반 다를것도없는데 수수료는 두배나 받아먹네,481180
롱런가즈아,2024-12-16T10:40:05+09:00,"주식 초보입니다.
해당 주식처럼..국내주식으로 미국 ETF를 구매 할 경우 환률 반영은 어떻게 되는지 아시는 분 조언 부탁 부립니다.(환률 헷지 상품인지 설명이 안되어 있어서 헷갈려서요)",481180
마카오강,2024-12-27T10:13:34+09:00,그냥이거나하자,461490
응애z,2024-12-23T15:33:39+09:00,국장에 마지막 희망,461490
상속녀S2,2024-12-23T13:51:15+09:00,6프로 알람 뭐지,435420
빅지기,2025-01-06T16:22:33+09:00,음..,495850
한끼만06,2025-01-03T18:37:17+09:00,10원? 10원? 10원? 10원? 10원? 10원?,495850
1원만주세요,2025-01-03T16:05:23+09:00,"아무리 그래도 10원은 너무한거 아니냐 ....연금계좌에 104만원 매수했는데, 메가커피 한잔도 못사먹네ㅋㅋ",495850
SmartPeople,2024-12-30T13:24:25+09:00,밸류업이 배당 10원?,495850
차차후,2024-12-27T08:57:40+09:00,"배당을 생각하고 샀는데 10원..
배당성장을 기대해야겠네요",495850
과거소년포비,2024-12-16T03:00:37+09:00,"삼성자산운용, TDF(Target Date Fund)
외국 투자 26.6+26.4+19.9+2.9 = 75.8%
❤️ 원화로 외국에 투자, 괜찮아 보이네요.
💙 채권은 기본이니까, ISA 절세~까지~
❤️ KODEX 가 자꾸 KOREA 로 읽힌다 ㅜ",434060
양갱양갱이,2024-12-16T00:13:20+09:00,이친구도 미국주식 소유하고 있으니 환리스크 상품인가요?,434060
주린이1945,2025-01-07T15:38:41+09:00,도망쳐...,476690
로도코코스,2024-12-24T16:06:13+09:00,"🔍글로벌비만치료제 ETF 비교 분석 🔥
📈TIGER vs KODEX vs RISE!
💭위고비 맞고 똑같이 먹으면 살이 빠질까?
👉https://rhodococcus.tistory.com/92",476690
샃사계절,2024-12-23T13:27:19+09:00,타이거와 코덱스 중 어떡게 좋을까요?,476690
꾸름이냥,2024-12-19T09:11:17+09:00,나름 잘 버텻다. 엔비는 더 오를수 있다고 봅니다.,448540
로도코코스,2024-12-17T11:13:16+09:00,"✨엔비디아 채권혼합 ETF 비교! 🔍
🚀TIGER: 미국 장기채 + 월배당 💵
🛡ACE: 한국 단기채 + 안정성 ✅
👉https://rhodococcus.tistory.com/85",448540
Lucidity,2024-12-22T16:03:04+09:00,너만 믿는다,464930
근달이,2024-12-20T09:35:49+09:00,천천히 올라기자. 화이팅!,464930
아나시앙,2025-01-10T16:05:19+09:00,용돈 냠냠..,480030
동동맨쿤,2025-01-03T01:51:16+09:00,어때요 이거?,480030
살아남고,2024-12-17T13:35:14+09:00,"이번에 세후 148만원 정도 받았네요..
이 칭구 지속적으로 올라갔으면 좋겠네요..",480030
박경석,2024-12-16T12:42:51+09:00,배당락일이 언제인가요?? 주주님들 부자되세요,480030
눈으로지은집,2024-12-12T21:54:58+09:00,460주 추매,480030
칠십에주식,2024-12-12T17:37:17+09:00,하락 .배당락인가요?,480030
미장배당주만모으기,2024-12-12T15:45:31+09:00,모아가기,480030
제이앤씨,2024-12-12T12:57:24+09:00,오늘 팔아도 배당금 받아요?,480030
놋지미,2024-12-12T00:17:32+09:00,12일 매수하면 배당금 받나요?,480030
푸두감자,2025-01-10T12:31:50+09:00,"용돈으로 조금씩 ISA랑 직투로 모으는 주린이입니다
SPLG -> 직투 매일 3천원
KODEX나스닥100 etf ->isa 매주 2만원
SOL미국테크top10 etf ->isa 매주 2만원
으로 분산돼있는데 하나에 몰빵하는게 좋을까요?
지금 21살이고 졸업후 취업가능합니다 간호학과라,,
묻어두고 나중에 보고싶은데 splg는 수익률이 너무 낮을거 같아서요...
근데 나스닥이랑 빅테크10은 결이 같은거 같은데 어떤거 사는게 나을까요 ??
글고 시드가 적은데 분산투자 2개 3개 하는게 의미가 있나요",481190
루시퓌,2025-01-09T17:57:23+09:00,연저펀과 ISA로 신규입성했어요 요녀석이 물건맞죠?ㅎㅎ,481190
매월배당200목표,2025-01-09T10:02:45+09:00,"요녀석방어잘하네요
연저펀에 더 사봅니다 ㅎㅎ",481190
유앙아바,2025-01-09T09:42:01+09:00,"예수금이 많이 남아서 좀 더 담았습니다
우상향이라곤 해도 얘도 한번빠지면 무섭게 빠지더라고요.. 8월5일.. 10프로 빠질때 깜짝놀랐습니다 그때는 예수금을 안남겨둬서 추매를 못했어요 ㅜ
그 이후로는 예수금 항상 남겨두고 매수하고 있습니다",481190
1퍼만먹고나오기,2025-01-07T10:54:56+09:00,나무 isa로 모아가는 중,481190
익절은항상옳아어흥,2025-01-07T09:53:35+09:00,솔힘내 10년 20년후 까지,481190
다크나이트of나스닥,2025-01-07T08:18:26+09:00,미래에셋 Tiger 는 사기수준으로 수수료 강탈해가고 이게 최고임,481190
흑화한주린이요,2025-01-06T19:53:06+09:00,국밥,481190
마징가m,2025-01-06T12:37:57+09:00,하루에 1주씩,481190
매월배당200목표,2025-01-05T20:41:25+09:00,"연저펀에 더 넣는게
나을지isa넣을지..
다들 어디에사시나요?",481190
세훈83,2025-01-05T18:41:59+09:00,"이건 거래량 크게 상관없어요..
어차피. 미국증시 다음날 국장 열리는거라. 아무리 사고팔아도 LP로 가격 맞출거에요
괴리율만 잘보세요",481190
돌두부,2025-01-05T12:36:02+09:00,거래량이 일케 없는게 이해가 안가네,481190
익절은항상옳아어흥,2025-01-03T15:51:36+09:00,10000 주목표!!,481190
유앙아바,2025-01-03T09:39:45+09:00,"13610 10주 연금저축계좌 추가매수 불타기
수량 계속 늘려갑니다
서학개미도 수익률 좋지만 하락장에서 방어력도 중요하기에
공수 밸런스 좋은 sol 탑텐만 계속 모아갑니다 현재 260주
매수점마다 10주씩 추가예정
다음 매수점 13100 10주
12630 10주",481190
매월배당200목표,2025-01-02T11:34:42+09:00,"연저펀에 25년 300주
모아보기^^
미국테크vs서학개미
둘다 모으는데 올해
누가 더좋을지^^",481190
마징가m,2025-01-02T10:13:04+09:00,"새해에도 담배값으로 하루에 1주씩
금연 가즈아",481190
주식황비홍,2024-12-30T13:12:44+09:00,3만원씩 매일 투자하기 어때보입니까?,481190
유앙아바,2024-12-30T11:13:33+09:00,"원래 30만주는 나왔던걸로 기억하는데 .. ㅜㅜ
이 종목 좋은데 거래량이 너무 안나오네요
다른 빅테크 ETF에 비해 거래량이..
TIGER나 ACE보다 낫다고 생각하는데 쩝..",481190
매월배당200목표,2024-12-30T09:54:51+09:00,1000주 시작 ㅎㅎ,481190
마징가m,2024-12-30T09:03:08+09:00,이번주도 성투 ^^,481190
떳다음봉귀신,2024-12-27T11:57:05+09:00,넘엇네,481190
하이여여염,2024-12-27T11:39:23+09:00,이 종목도 환율 영향을 받나요 ??,481190
마징가m,2024-12-27T09:05:39+09:00,오늘도 금연,481190
마징가m,2024-12-26T12:21:46+09:00,매일 금연값 구매,481190
김1민석,2024-12-26T10:32:55+09:00,응?,481190
익절은항상옳아어흥,2024-12-26T09:04:02+09:00,굿,481190
카피충,2024-12-24T15:43:42+09:00,"일단 정찰병 투입이용..
내년에 isa 계좌 추가납입 하는거 요걸로 사든가...아니면 게존꺼 팔고 이거 사든가 할거 같네용",481190
카피충,2024-12-24T14:24:18+09:00,와 알짜만 모아뒀네 나스닥 100에서 갈아탈까..,481190
마징가m,2024-12-24T10:23:22+09:00,매일 적립식 구입 중,481190
유앙아바,2024-12-24T10:08:43+09:00,"안정성 최고
연금저축계좌로 추천 1등입니다
#TIGER_미국테크TOP10_INDXX 얘는 음전인데 SOL은 잘 버텨주고 있네요
구성종목 거의 동일한데 비중이 약간 차이 있고, TIGER는 어느새 AMD 빠지고 T모바일이 들어왔군요
SOL은 어도비를 포함하고 있습니다",481190
으석이,2024-12-24T09:46:11+09:00,제일 안정적인 수익내는 구성종목 빅테크etf 면서 운용비용도 낮은 아주 좋은 etf라고 생각함,481190
떡판다,2024-12-20T12:17:04+09:00,"빠질땐 나스닥만큼 빠지고
오를땐 기술주 상승분만큼 오르는거같네 ㄷㄷㄷ",481190
hleq,2024-12-20T09:10:10+09:00,😋,481190
월세받자,2024-12-17T22:15:19+09:00,반갑습니다 😁,481190
익절은항상옳아어흥,2024-12-16T10:01:30+09:00,느리다 바로 1퍼는 올라야징^^,481190
소망양,2024-12-13T15:37:03+09:00,이건 배당금 없나요?,481190
딸바체,2024-12-12T22:41:05+09:00,배당이 없어 아쉽다,481190
로도코코스,2024-12-12T16:46:05+09:00,"✨ TIGER, ACE, SOL, KODEX! 인기 빅테크 ETF 비교
💼 TIGER & SOL: 거의 같은 구성!
📦 ACE: 아마존·구글 비중이 더 높아 차별화!
🎮 KODEX: NVIDIA 중심 AI 테마에 특화!
👉 https://rhodococcus.tistory.com/33",481190
IilliiIliIIli,2024-12-12T15:51:07+09:00,올해 8월에 만 19세되어서 나스닥100 etf 투자하다가 11월달부터 sol 미국테크top10 etf에 투자한 결과 현재 약 13%수익 중입니다. 빅테크 etf가 GOAT인 거 같습니다.,481190
갤럭시판타지,2024-12-12T14:58:26+09:00,돌고돌아 결국엔 빅테크에 투자하는게 맞다,481190
부자돼봐,2024-12-12T09:11:14+09:00,너가 답이다,481190
오바메,2025-01-08T09:55:22+09:00,"아래 4개의 etf로 ISA 계좌에서 모아가며 현재 24%, 12%, 30%, 6% 각 수익 중인데 나스닥,미배당,금 세 개는 조정이 올 것 같은데 한 번 싹다 팔까요? 미배당 빼고,,
나스닥100
미배당
금
미국채10년선물",305080
경제독립운동,2025-01-11T07:13:25+09:00,"어제 월급 받고 추매해서 10,827주 모음!",494300
일항을,2025-01-09T12:54:48+09:00,용돈 벌이,494300
딴두만두,2025-01-08T00:50:25+09:00,원가가 떨어지면 모으기더 좋아지니 개꿀~,494300
고스트리,2025-01-06T14:45:41+09:00,분배금만큼 원가 가 떨어지면 굳이 왜 사는거죠??,494300
ETF망령,2025-01-06T12:12:59+09:00,"우리가 스닥에 투자를 하는데 매일
""오늘 나스닥이 1%이상 오르지 않게 해주세요.""
빌면서 해야 할 이유는 없습니다.",494300
양갱양갱이,2025-01-03T16:04:44+09:00,이친구는 왜 분배금에 세금을 안떼고 주나요?,494300
곽경일,2025-01-03T15:57:19+09:00,배당금 개이득,494300
쓰꾸임,2025-01-01T17:26:47+09:00,해당상품에대해 적립식장기투자로 어떤가요???,494300
머니세이버,2024-12-30T08:24:32+09:00,"투자하실 때 실제 부담비용, 운용성과 등 참고하셔서 도움 되셨으면 합니다

자세한 정보는 아래에 더 많이 있습니다.

https://m.blog.naver.com/money_saver777/223707315203",494300
돌두부,2024-12-29T05:46:53+09:00,한국판 젭큐죠?,494300
SANREMOZOE,2024-12-27T14:19:18+09:00,12/27일 배당이면 오늘인가요?,494300
신배당,2024-12-26T17:14:12+09:00,물건이네 ~~^^,494300
엔비댜지박령,2024-12-26T17:10:36+09:00,배당 181원 굳,494300
주발몸,2024-12-26T16:52:19+09:00,12월 배당금 181원,494300
개입도,2024-12-26T10:23:43+09:00,배당기준일이 언제인가요?,494300
눈으로지은집,2024-12-25T08:14:46+09:00,집에서 돈복사 하셨거나 아닌 분들이라도 아침은 드세요. 밤새 고생 많으셨습니다.,494300
곽경일,2024-12-24T15:16:35+09:00,추매,494300
쥛밝쥅,2024-12-24T15:03:19+09:00,배당금 재투자하고 1년 묵혀볼게여,494300
ETF망령,2024-12-24T08:50:42+09:00,보시는 바와 같습니다.,494300
풀소유,2024-12-19T23:46:51+09:00,제곧내,494300
레버러브,2024-12-17T20:05:32+09:00,"다른거에 비해 배당금 왜 어렇게 많이 주는지 모르겠네
배당금 만큼 주가하락 하나요 ?",494300
양갱양갱이,2024-12-17T19:32:37+09:00,1% Otm은 옵션을 1%높은가격으로 설정해서 판매한다는건가요?,494300
미래는너에게달려있어,2024-12-17T12:33:07+09:00,12월에 첫 배당받으신분들께 질문요. 배당후 배당락이 몇퍼센트 정도였나요?,494300
엔비댜지박령,2024-12-16T14:43:27+09:00,"카카오 연저펀에 소소하게 담는 중
현재 이게 짱임❤️",494300
로도코코스,2024-12-13T12:29:29+09:00,"🎯 나스닥100 ETF 커버드콜, 데일리커버드콜!
📊 ATM vs OTM 옵션까지 완벽 분석!
💰배당 ETF 투자, 여기서 끝내세요! 💰
👉https://rhodococcus.tistory.com/48",494300
투자아니고투기,2024-12-23T09:07:46+09:00,삼천당 날아오르고 여기로,244580
