닉네임,날짜,내용
대괄이깨져도롱,2025-01-09T20:48:41+09:00,젠슨황 거 어데황씨요 장난이 지나친 거 아니오?
불꽃남자3,2025-01-09T20:09:07+09:00,삼전안사면 뭐살건데
늘푸르다람쥐,2025-01-09T20:03:12+09:00,단기상승폭은 가져갈챠트긴한데 흠 변동성이 클거같다 60일선에 안착한거보면 좀더상승하고 이평선들이 하나로수렴할때 하방으로 한번더 빠질만법도하다 크게들어갈만한 차트는 아니라서 단기로 조금만먹고 빠지면 한번더 들어갈타이밍 나올거같다
군메디컬,2025-01-09T19:50:04+09:00,삼쪽아...
내돈슬퍼,2025-01-09T19:39:55+09:00,이유가 뭔가요
jbejjjdcc,2025-01-09T19:21:52+09:00,Dd..
핑크쏘세지,2025-01-09T19:20:19+09:00,구매대기 왜캐 마늠
로제노이,2025-01-09T19:15:17+09:00,엔디비아 공급 떳다아
진민호,2025-01-09T19:13:39+09:00,"제가 1주를 갖고 있는데 평단이 65층이에요
팔아야할까요 ㅜㅜ"
대괄이깨져도롱,2025-01-09T20:48:41+09:00,젠슨황 거 어데황씨요 장난이 지나친 거 아니오?
불꽃남자3,2025-01-09T20:09:07+09:00,삼전안사면 뭐살건데
늘푸르다람쥐,2025-01-09T20:03:12+09:00,단기상승폭은 가져갈챠트긴한데 흠 변동성이 클거같다 60일선에 안착한거보면 좀더상승하고 이평선들이 하나로수렴할때 하방으로 한번더 빠질만법도하다 크게들어갈만한 차트는 아니라서 단기로 조금만먹고 빠지면 한번더 들어갈타이밍 나올거같다
군메디컬,2025-01-09T19:50:04+09:00,삼쪽아...
내돈슬퍼,2025-01-09T19:39:55+09:00,이유가 뭔가요
jbejjjdcc,2025-01-09T19:21:52+09:00,Dd..
핑크쏘세지,2025-01-09T19:20:19+09:00,구매대기 왜캐 마늠
로제노이,2025-01-09T19:15:17+09:00,엔디비아 공급 떳다아
진민호,2025-01-09T19:13:39+09:00,"제가 1주를 갖고 있는데 평단이 65층이에요
팔아야할까요 ㅜㅜ"
주주린이쓰,2025-01-09T19:06:03+09:00,53층가면 들어갈게
팔란티어광신도,2025-01-09T19:04:39+09:00,욕심부리지맑고
오오타니임,2025-01-09T18:55:49+09:00,ㅇㅇ
내돈슬퍼,2025-01-09T19:39:55+09:00,이유가 뭔가요
jbejjjdcc,2025-01-09T19:21:52+09:00,Dd..
핑크쏘세지,2025-01-09T19:20:19+09:00,구매대기 왜캐 마늠
로제노이,2025-01-09T19:15:17+09:00,엔디비아 공급 떳다아
진민호,2025-01-09T19:13:39+09:00,"제가 1주를 갖고 있는데 평단이 65층이에요
팔아야할까요 ㅜㅜ"
주주린이쓰,2025-01-09T19:06:03+09:00,53층가면 들어갈게
팔란티어광신도,2025-01-09T19:04:39+09:00,욕심부리지맑고
오오타니임,2025-01-09T18:55:49+09:00,ㅇㅇ
배배배기기,2025-01-09T18:47:41+09:00,"다시설계해도 될까? ㅋㅋㅋ
굿바이"
우오앙,2025-01-09T18:47:20+09:00,"매번 57000 올라올때마다 더 오르겠지 하고 존버하다가 실패
결국 어제 다시 올라오니 드디어 팔았다
기회 줄 때 빠져야하는 거였음..."
약주세요,2025-01-09T18:45:59+09:00,s25 살돈 벌려고 했는데 글러 먹어따...
푸르른른,2025-01-09T18:40:34+09:00,"오늘 금융투자가 많이도 던졌네요.

실적전망치 말도안되게 높게 잡아놓고 막상 어제.오르니깐 어케든 찍어 뉴르는듯...

검머외가 따로 있나요 저런 애들이 검머외지"
hahau,2025-01-09T18:34:45+09:00,역시는 역시였다
코코코코코스닥,2025-01-09T18:34:01+09:00,"모바일은 수평선 못그음?
레알?"
팔란티어광신도,2025-01-09T19:04:39+09:00,욕심부리지맑고
오오타니임,2025-01-09T18:55:49+09:00,ㅇㅇ
배배배기기,2025-01-09T18:47:41+09:00,"다시설계해도 될까? ㅋㅋㅋ
굿바이"
우오앙,2025-01-09T18:47:20+09:00,"매번 57000 올라올때마다 더 오르겠지 하고 존버하다가 실패
결국 어제 다시 올라오니 드디어 팔았다
기회 줄 때 빠져야하는 거였음..."
약주세요,2025-01-09T18:45:59+09:00,s25 살돈 벌려고 했는데 글러 먹어따...
푸르른른,2025-01-09T18:40:34+09:00,"오늘 금융투자가 많이도 던졌네요.

실적전망치 말도안되게 높게 잡아놓고 막상 어제.오르니깐 어케든 찍어 뉴르는듯...

검머외가 따로 있나요 저런 애들이 검머외지"
hahau,2025-01-09T18:34:45+09:00,역시는 역시였다
코코코코코스닥,2025-01-09T18:34:01+09:00,"모바일은 수평선 못그음?
레알?"
주식은고기랑빵이다,2025-01-09T18:33:16+09:00,근데 사기만 하면 항상 떨어짐..
manzzy,2025-01-09T18:26:18+09:00,"외국 장사꾼 한마디에 좌지우지
웃프네ㅠ"
엥사팔,2025-01-09T18:11:11+09:00,"말실수 정정한 젠슨황 ""RTX50에 삼성전자가 초도 공급""
https://tossinvest.com/_ul/D4A9sD"
맥카프리,2025-01-09T18:06:20+09:00,4만전자가나요?
푸르른른,2025-01-09T18:40:34+09:00,"오늘 금융투자가 많이도 던졌네요.

실적전망치 말도안되게 높게 잡아놓고 막상 어제.오르니깐 어케든 찍어 뉴르는듯...

검머외가 따로 있나요 저런 애들이 검머외지"
hahau,2025-01-09T18:34:45+09:00,역시는 역시였다
코코코코코스닥,2025-01-09T18:34:01+09:00,"모바일은 수평선 못그음?
레알?"
주식은고기랑빵이다,2025-01-09T18:33:16+09:00,근데 사기만 하면 항상 떨어짐..
manzzy,2025-01-09T18:26:18+09:00,"외국 장사꾼 한마디에 좌지우지
웃프네ㅠ"
엥사팔,2025-01-09T18:11:11+09:00,"말실수 정정한 젠슨황 ""RTX50에 삼성전자가 초도 공급""
https://tossinvest.com/_ul/D4A9sD"
맥카프리,2025-01-09T18:06:20+09:00,4만전자가나요?
놈주님,2025-01-09T18:05:11+09:00,"빠르게 빼길 잘했네요
좀더 빠지면 수량늘려보려고요"
장투그만,2025-01-09T18:00:29+09:00,망할 샘숭
Wwwade,2025-01-09T17:57:09+09:00,"꼼꼼하신 양반이 정말 몰랐을까?
옛다 엿먹어봐라는 의도한 제스쳐 라고 본다."
슝슝찡코,2025-01-09T17:56:26+09:00,"저는 소액으로 점심값만 벌고 갑니다
다들 성투하세요!!"
트럼핑,2025-01-09T17:56:24+09:00,말실수가뭐야 ㅋㅋㅋㅋㅋ
엥사팔,2025-01-09T18:11:11+09:00,"말실수 정정한 젠슨황 ""RTX50에 삼성전자가 초도 공급""
https://tossinvest.com/_ul/D4A9sD"
맥카프리,2025-01-09T18:06:20+09:00,4만전자가나요?
놈주님,2025-01-09T18:05:11+09:00,"빠르게 빼길 잘했네요
좀더 빠지면 수량늘려보려고요"
장투그만,2025-01-09T18:00:29+09:00,망할 샘숭
Wwwade,2025-01-09T17:57:09+09:00,"꼼꼼하신 양반이 정말 몰랐을까?
옛다 엿먹어봐라는 의도한 제스쳐 라고 본다."
슝슝찡코,2025-01-09T17:56:26+09:00,"저는 소액으로 점심값만 벌고 갑니다
다들 성투하세요!!"
트럼핑,2025-01-09T17:56:24+09:00,말실수가뭐야 ㅋㅋㅋㅋㅋ
순금님,2025-01-09T17:46:21+09:00,조금씩 물타기. 장기로 가면. 됌. 배당금 4월달 4번째. 받음 🙏
peterleem,2025-01-09T17:38:37+09:00,"현직 외국계인데 외국인들이 한국을 어떻게 생각하는지 알려줄게 물론 외국인 전부가 그렇다는 것은 아니고 대부분의 생각이 이렇다는 거임
얼마전 달러 환율도 많이 올랐겠다 원화로 환전해서 삼성전자에 투자하려고 했어 현재 가격이 충분히 매력적이니깐 그러다 풋옵션으로 포지션으로 바꿈 이유는 단 하나 대통령 탄핵이 국회에서 통과가 됐기때문 그 당시 한국 미디어에서는 불확실성이 해소가 되서 앞으로 한국 주식 오를거다 이렇게 얘기하는거 보고 어이가 없더라
다들 알잖아 한국 미디어에서 해리스가 박빙이니 우세하니 외국인 투자자 입장에서 보면은 해리스가 이긴적이 단 한번도 없었는데 어떻게 저렇게 모든 방송사가 떠드는지 현재 한국은 중국하고 크게 다르지 않게 보는거야
테슬라 투자중인 사람들 중 해리스가 당선될거라고 세뇌된 사람들이 엄청 판거 알고 있어?
한국 정치는 전혀 모르니 내가 뭐라 얘기 할 수 없는거고 다만 미국의 시선으로 풀어보면 답은 쉽게 나올거야
대통령 탄핵이 법원에서 인용된다면 그땐 진짜 나락 시작이야
주식하는 사람이라면 미디어에서 떠드는 탄핵이 되어야 불확실성 해소라는 개소리에 속지 말아야 한다고
세상을 객관적으로 보고 판단을 할줄 알아야 그래야 돈을 벌 수 있는거라고
한국 방송은 웬만하면 보지말라고 추천하고 싶다

외국인들이 무슨 방송 보겠어? 미국 방송보면 되는거야
영어 몰라도 요새 번역기도 잘되어 있잖아"
지구마불세계여행,2025-01-09T17:34:47+09:00,기관 수익실현 지리네. 그래 국민연금아 니네가 수익번거 나한테 나중에 안주면 두고보자.
trinity8888,2025-01-09T17:26:55+09:00,ㅇㅇ ?
통탕이,2025-01-09T17:26:45+09:00,저도 주주지만 하이닉스랑 너무 비교된다..왜샀지..왜 7만원대일때 안팔았지..
슝슝찡코,2025-01-09T17:56:26+09:00,"저는 소액으로 점심값만 벌고 갑니다
다들 성투하세요!!"
트럼핑,2025-01-09T17:56:24+09:00,말실수가뭐야 ㅋㅋㅋㅋㅋ
순금님,2025-01-09T17:46:21+09:00,조금씩 물타기. 장기로 가면. 됌. 배당금 4월달 4번째. 받음 🙏
peterleem,2025-01-09T17:38:37+09:00,"현직 외국계인데 외국인들이 한국을 어떻게 생각하는지 알려줄게 물론 외국인 전부가 그렇다는 것은 아니고 대부분의 생각이 이렇다는 거임
얼마전 달러 환율도 많이 올랐겠다 원화로 환전해서 삼성전자에 투자하려고 했어 현재 가격이 충분히 매력적이니깐 그러다 풋옵션으로 포지션으로 바꿈 이유는 단 하나 대통령 탄핵이 국회에서 통과가 됐기때문 그 당시 한국 미디어에서는 불확실성이 해소가 되서 앞으로 한국 주식 오를거다 이렇게 얘기하는거 보고 어이가 없더라
다들 알잖아 한국 미디어에서 해리스가 박빙이니 우세하니 외국인 투자자 입장에서 보면은 해리스가 이긴적이 단 한번도 없었는데 어떻게 저렇게 모든 방송사가 떠드는지 현재 한국은 중국하고 크게 다르지 않게 보는거야
테슬라 투자중인 사람들 중 해리스가 당선될거라고 세뇌된 사람들이 엄청 판거 알고 있어?
한국 정치는 전혀 모르니 내가 뭐라 얘기 할 수 없는거고 다만 미국의 시선으로 풀어보면 답은 쉽게 나올거야
대통령 탄핵이 법원에서 인용된다면 그땐 진짜 나락 시작이야
주식하는 사람이라면 미디어에서 떠드는 탄핵이 되어야 불확실성 해소라는 개소리에 속지 말아야 한다고
세상을 객관적으로 보고 판단을 할줄 알아야 그래야 돈을 벌 수 있는거라고
한국 방송은 웬만하면 보지말라고 추천하고 싶다

외국인들이 무슨 방송 보겠어? 미국 방송보면 되는거야
영어 몰라도 요새 번역기도 잘되어 있잖아"
지구마불세계여행,2025-01-09T17:34:47+09:00,기관 수익실현 지리네. 그래 국민연금아 니네가 수익번거 나한테 나중에 안주면 두고보자.
trinity8888,2025-01-09T17:26:55+09:00,ㅇㅇ ?
통탕이,2025-01-09T17:26:45+09:00,저도 주주지만 하이닉스랑 너무 비교된다..왜샀지..왜 7만원대일때 안팔았지..
매수하면폭락,2025-01-09T17:23:05+09:00,개관...
레고2022,2025-01-09T17:19:13+09:00,외인ㄷㄷ
가보자고자,2025-01-09T17:16:48+09:00,"내일까지 저가매수 기회줄듯.
이번주중 윤씨 잡히면
다음주부터 국장 불장시작!"
리트리버1010,2025-01-09T17:12:54+09:00,외인들 들어왔는데 개관이 팔아서 떨어짐ㅂㄷㅂㄷ
오오타니임,2025-01-09T17:11:33+09:00,올라갈일만 남았네
장투황태자,2025-01-09T17:08:53+09:00,남의 돈 가지고 장사하니까 매일 빙딘짓거리하고 욕쳐묵지..기관 화이팅!
통탕이,2025-01-09T17:26:45+09:00,저도 주주지만 하이닉스랑 너무 비교된다..왜샀지..왜 7만원대일때 안팔았지..
매수하면폭락,2025-01-09T17:23:05+09:00,개관...
레고2022,2025-01-09T17:19:13+09:00,외인ㄷㄷ
가보자고자,2025-01-09T17:16:48+09:00,"내일까지 저가매수 기회줄듯.
이번주중 윤씨 잡히면
다음주부터 국장 불장시작!"
리트리버1010,2025-01-09T17:12:54+09:00,외인들 들어왔는데 개관이 팔아서 떨어짐ㅂㄷㅂㄷ
오오타니임,2025-01-09T17:11:33+09:00,올라갈일만 남았네
장투황태자,2025-01-09T17:08:53+09:00,남의 돈 가지고 장사하니까 매일 빙딘짓거리하고 욕쳐묵지..기관 화이팅!
핑크쏘세지,2025-01-09T17:07:07+09:00,느낌 매수......
딸둘아빠입니다,2025-01-09T17:02:00+09:00,나중에 또 들어가야겠네요.
뀨뀽뀨뀽,2025-01-09T16:55:57+09:00,"이번달 안에 탈출 가능할까요?
ㅜ_ㅜ..."
왜나한테만엄격한데,2025-01-09T16:52:32+09:00,기다렸어
보일러댁에아버님놔드려야겠어,2025-01-09T16:48:26+09:00,작년 7월에 8만 전자일때 물린 분들 심정.
음주운전,2025-01-09T16:48:10+09:00,남은거도 계속 짤짤이로 팔아야지
장투황태자,2025-01-09T17:08:53+09:00,남의 돈 가지고 장사하니까 매일 빙딘짓거리하고 욕쳐묵지..기관 화이팅!
핑크쏘세지,2025-01-09T17:07:07+09:00,느낌 매수......
딸둘아빠입니다,2025-01-09T17:02:00+09:00,나중에 또 들어가야겠네요.
뀨뀽뀨뀽,2025-01-09T16:55:57+09:00,"이번달 안에 탈출 가능할까요?
ㅜ_ㅜ..."
왜나한테만엄격한데,2025-01-09T16:52:32+09:00,기다렸어
보일러댁에아버님놔드려야겠어,2025-01-09T16:48:26+09:00,작년 7월에 8만 전자일때 물린 분들 심정.
음주운전,2025-01-09T16:48:10+09:00,남은거도 계속 짤짤이로 팔아야지
호슈려,2025-01-09T16:45:15+09:00,저도 삼전씨게물렷는데 2달만에 비트코인으로 본전찾고 지금은 수익중입니다. 돈이풀린시기엔 광기에올라타야합니다. 자본주의 양극화끝엔 이런 경기소비재는 답없음. 님들이 돈번다고 휴대폰 1대살거 2대 3대 사진않잔아요 그것도 갤럭시를
바르뎀,2025-01-09T16:34:49+09:00,아 57에서 팔았어야… 고만하다 잤더니 ㅠㅠ
미르앤리투자자문,2025-01-09T16:33:10+09:00,"아닌 듯하면서도 올해 들어 우리 주식시장은 연일 상승을 이어가고 있습니다. 코스피 종합지수는 첫 거래일을 제외하고 5거래일 연속 상승하고 있으며, KOSDAQ 지수는 새해 들어 하루도 빠짐없이 6거래일 연속 상승세를 이어가고 있습니다. 이런 증시 온기에도 불구하고 투자자에 따라서는 아직 보유 종목이 움직이지 않아 답답해하는 분들이 제법 많습니다.
하지만 시장은 결국 전체적으로 온기가 퍼져나갈 것입니다.
🔥📈💸🚒증시토크 칼럼 바로보기 :

※ 본 자료는 투자자들에게 도움이 될만한 정보를 제공할 목적으로 작성되었으며, 무단복제 및 배포할 수 없습니다. 주식투자는 손실이 발생할 수 있으며 투자의 책임은 투자자 본인에게 있습니다. 또한 수치 및 내용의 정확성이나 안전성을 보장할 수 없으며, 어떠한 경우에도 고객의 증권투자 결과에 대한 법적 책임 소재의 증빙자료로 사용될 수 없습니다."
핑크쏘세지,2025-01-09T16:32:10+09:00,61700원 간거 넘 심한거 아닌가요...
왜나한테만엄격한데,2025-01-09T16:52:32+09:00,기다렸어
보일러댁에아버님놔드려야겠어,2025-01-09T16:48:26+09:00,작년 7월에 8만 전자일때 물린 분들 심정.
음주운전,2025-01-09T16:48:10+09:00,남은거도 계속 짤짤이로 팔아야지
호슈려,2025-01-09T16:45:15+09:00,저도 삼전씨게물렷는데 2달만에 비트코인으로 본전찾고 지금은 수익중입니다. 돈이풀린시기엔 광기에올라타야합니다. 자본주의 양극화끝엔 이런 경기소비재는 답없음. 님들이 돈번다고 휴대폰 1대살거 2대 3대 사진않잔아요 그것도 갤럭시를
바르뎀,2025-01-09T16:34:49+09:00,아 57에서 팔았어야… 고만하다 잤더니 ㅠㅠ
미르앤리투자자문,2025-01-09T16:33:10+09:00,"아닌 듯하면서도 올해 들어 우리 주식시장은 연일 상승을 이어가고 있습니다. 코스피 종합지수는 첫 거래일을 제외하고 5거래일 연속 상승하고 있으며, KOSDAQ 지수는 새해 들어 하루도 빠짐없이 6거래일 연속 상승세를 이어가고 있습니다. 이런 증시 온기에도 불구하고 투자자에 따라서는 아직 보유 종목이 움직이지 않아 답답해하는 분들이 제법 많습니다.
하지만 시장은 결국 전체적으로 온기가 퍼져나갈 것입니다.
🔥📈💸🚒증시토크 칼럼 바로보기 :

※ 본 자료는 투자자들에게 도움이 될만한 정보를 제공할 목적으로 작성되었으며, 무단복제 및 배포할 수 없습니다. 주식투자는 손실이 발생할 수 있으며 투자의 책임은 투자자 본인에게 있습니다. 또한 수치 및 내용의 정확성이나 안전성을 보장할 수 없으며, 어떠한 경우에도 고객의 증권투자 결과에 대한 법적 책임 소재의 증빙자료로 사용될 수 없습니다."
핑크쏘세지,2025-01-09T16:32:10+09:00,61700원 간거 넘 심한거 아닌가요...
웅룽웅,2025-01-09T16:32:08+09:00,"역시
삼전은 줄먹;;;;"
따뜻해여,2025-01-09T16:31:08+09:00,언팩까지 쭉 오를듯
동동파다,2025-01-09T16:22:55+09:00,삼전 내일 오른다? 손목아지 거실분?
동아둉아,2025-01-09T16:20:51+09:00,기관 털렸대요~
숙이고,2025-01-09T16:17:50+09:00,ㅋ 내가 다시 진입하니 떨어지는구나
미르앤리투자자문,2025-01-09T16:33:10+09:00,"아닌 듯하면서도 올해 들어 우리 주식시장은 연일 상승을 이어가고 있습니다. 코스피 종합지수는 첫 거래일을 제외하고 5거래일 연속 상승하고 있으며, KOSDAQ 지수는 새해 들어 하루도 빠짐없이 6거래일 연속 상승세를 이어가고 있습니다. 이런 증시 온기에도 불구하고 투자자에 따라서는 아직 보유 종목이 움직이지 않아 답답해하는 분들이 제법 많습니다.
하지만 시장은 결국 전체적으로 온기가 퍼져나갈 것입니다.
🔥📈💸🚒증시토크 칼럼 바로보기 :

※ 본 자료는 투자자들에게 도움이 될만한 정보를 제공할 목적으로 작성되었으며, 무단복제 및 배포할 수 없습니다. 주식투자는 손실이 발생할 수 있으며 투자의 책임은 투자자 본인에게 있습니다. 또한 수치 및 내용의 정확성이나 안전성을 보장할 수 없으며, 어떠한 경우에도 고객의 증권투자 결과에 대한 법적 책임 소재의 증빙자료로 사용될 수 없습니다."
핑크쏘세지,2025-01-09T16:32:10+09:00,61700원 간거 넘 심한거 아닌가요...
웅룽웅,2025-01-09T16:32:08+09:00,"역시
삼전은 줄먹;;;;"
따뜻해여,2025-01-09T16:31:08+09:00,언팩까지 쭉 오를듯
동동파다,2025-01-09T16:22:55+09:00,삼전 내일 오른다? 손목아지 거실분?
동아둉아,2025-01-09T16:20:51+09:00,기관 털렸대요~
숙이고,2025-01-09T16:17:50+09:00,ㅋ 내가 다시 진입하니 떨어지는구나
필성투,2025-01-09T16:17:12+09:00,잠시 쉬었다 갑니다.
Halluci,2025-01-09T16:16:10+09:00,응 기다리면 그만이야.
코밍랴,2025-01-09T16:14:51+09:00,하이닉스가 아니라 왜 삼전을 샀을까
늪에서,2025-01-09T16:14:26+09:00,외인들 역시 개미들 잘 가지고 노네요 ㅎㅋ
소박하게먹자,2025-01-09T16:12:15+09:00,저도 팔 수 있을 때 팔고 나갑니다..
숙이고,2025-01-09T16:17:50+09:00,ㅋ 내가 다시 진입하니 떨어지는구나
필성투,2025-01-09T16:17:12+09:00,잠시 쉬었다 갑니다.
Halluci,2025-01-09T16:16:10+09:00,응 기다리면 그만이야.
코밍랴,2025-01-09T16:14:51+09:00,하이닉스가 아니라 왜 삼전을 샀을까
늪에서,2025-01-09T16:14:26+09:00,외인들 역시 개미들 잘 가지고 노네요 ㅎㅋ
소박하게먹자,2025-01-09T16:12:15+09:00,저도 팔 수 있을 때 팔고 나갑니다..
러블리소울,2025-01-09T16:11:13+09:00,다음 옵션 만기일인2월 13일까진 꾸준히 외인 들어오는게 맞겟죠? 이제 3월 13일 네마녀의날 기대돼내요 혹시 다음 배당락일은 언제 일까요?
나현우,2025-01-09T16:08:30+09:00,하지만 곧 삼전으로 돌아올 예정
펄어개새,2025-01-09T16:08:06+09:00,"그냥 탈출하고 미장 들어갑니다
언젠간 오르겠지만 여기는 가치투자가 아니네요"
럭키반지,2025-01-09T16:07:24+09:00,"못견디고 나갑니다
8만전자 화이팅"
2025Lucky,2025-01-09T16:07:15+09:00,내일 윤돼지 잡혀가려나보네.
현준이아빠,2025-01-09T16:07:13+09:00,ㅋ
늪에서,2025-01-09T16:14:26+09:00,외인들 역시 개미들 잘 가지고 노네요 ㅎㅋ
소박하게먹자,2025-01-09T16:12:15+09:00,저도 팔 수 있을 때 팔고 나갑니다..
러블리소울,2025-01-09T16:11:13+09:00,다음 옵션 만기일인2월 13일까진 꾸준히 외인 들어오는게 맞겟죠? 이제 3월 13일 네마녀의날 기대돼내요 혹시 다음 배당락일은 언제 일까요?
나현우,2025-01-09T16:08:30+09:00,하지만 곧 삼전으로 돌아올 예정
펄어개새,2025-01-09T16:08:06+09:00,"그냥 탈출하고 미장 들어갑니다
언젠간 오르겠지만 여기는 가치투자가 아니네요"
럭키반지,2025-01-09T16:07:24+09:00,"못견디고 나갑니다
8만전자 화이팅"
2025Lucky,2025-01-09T16:07:15+09:00,내일 윤돼지 잡혀가려나보네.
현준이아빠,2025-01-09T16:07:13+09:00,ㅋ
망고사랑짱,2025-01-09T16:07:02+09:00,"ㅎ ㅎ 기분 좋아요,"
내꺼빼고다오르네,2025-01-09T16:03:22+09:00,내일까지 매수세 들어오면 바로 분할매수 시작
보일러댁에아버님놔드려야겠어,2025-01-09T15:59:22+09:00,나는 옆동네 하이닉스 주주분들이 솔직히 부럽다.
익절맨03,2025-01-09T15:57:25+09:00,더 낮아지면 들어 오겠습니다
서현진,2025-01-09T15:56:24+09:00,"옵션 만기일에
외인 롱 포지션에 안도감.
기관 숏에 배신감.
아니 내 돈 (퇴직금) 으로
내 목에 칼을 겨눠?
오늘 손실 본 버거 형님들
낼 따블로 돈 싸들고 올 듯 ㅎ"
2025Lucky,2025-01-09T16:07:15+09:00,내일 윤돼지 잡혀가려나보네.
현준이아빠,2025-01-09T16:07:13+09:00,ㅋ
망고사랑짱,2025-01-09T16:07:02+09:00,"ㅎ ㅎ 기분 좋아요,"
내꺼빼고다오르네,2025-01-09T16:03:22+09:00,내일까지 매수세 들어오면 바로 분할매수 시작
보일러댁에아버님놔드려야겠어,2025-01-09T15:59:22+09:00,나는 옆동네 하이닉스 주주분들이 솔직히 부럽다.
익절맨03,2025-01-09T15:57:25+09:00,더 낮아지면 들어 오겠습니다
서현진,2025-01-09T15:56:24+09:00,"옵션 만기일에
외인 롱 포지션에 안도감.
기관 숏에 배신감.
아니 내 돈 (퇴직금) 으로
내 목에 칼을 겨눠?
오늘 손실 본 버거 형님들
낼 따블로 돈 싸들고 올 듯 ㅎ"
권제로,2025-01-09T15:46:02+09:00,장막판꼬라지보니까 내일 더내릴듯
권제로,2025-01-09T15:45:18+09:00,진짜 외국인들 주차 잘시키네 지수 보합세인거보소
갱갱빡,2025-01-09T15:44:52+09:00,안녕하세요
곰돌이우,2025-01-09T15:44:08+09:00,근데 워낙 외인들 계속 매도할때 기관들이 방어해준거라 수익실현하긴 해야할꺼에요.
뿌니걸,2025-01-09T15:43:44+09:00,아이c 다시 제 자리네
익절맨03,2025-01-09T15:57:25+09:00,더 낮아지면 들어 오겠습니다
서현진,2025-01-09T15:56:24+09:00,"옵션 만기일에
외인 롱 포지션에 안도감.
기관 숏에 배신감.
아니 내 돈 (퇴직금) 으로
내 목에 칼을 겨눠?
오늘 손실 본 버거 형님들
낼 따블로 돈 싸들고 올 듯 ㅎ"
권제로,2025-01-09T15:46:02+09:00,장막판꼬라지보니까 내일 더내릴듯
권제로,2025-01-09T15:45:18+09:00,진짜 외국인들 주차 잘시키네 지수 보합세인거보소
갱갱빡,2025-01-09T15:44:52+09:00,안녕하세요
곰돌이우,2025-01-09T15:44:08+09:00,근데 워낙 외인들 계속 매도할때 기관들이 방어해준거라 수익실현하긴 해야할꺼에요.
뿌니걸,2025-01-09T15:43:44+09:00,아이c 다시 제 자리네
개미51,2025-01-09T15:43:42+09:00,외인한태 계속맞다가 오늘은 기관이 뒤통수치네
million,2025-01-09T15:42:55+09:00,기관이 가관이네 지들이 팔고 나가는구만
곰돌이우,2025-01-09T15:42:30+09:00,우선 희소식은 외인 매수세는 유지된다는거네요
김치전감자전삼전,2025-01-09T15:42:19+09:00,"다행이건
외국인은 매수
기관이 매도
기다려봅니다"
서노최고,2025-01-09T15:41:42+09:00,가관넘들 완전매국노들 기가찬다
똑상가즈아,2025-01-09T15:39:35+09:00,내가 뉴스뜨면 털린다고 했쩨 ㅡㅡ 기관에서 양아치짓하네
맨징하고파,2025-01-09T15:39:32+09:00,"장막판 200만주이상 매수
특정 거래원이 이틀연속 풀매수네요
조만간 급등한번 기대할만할지도..!?"
개미51,2025-01-09T15:43:42+09:00,외인한태 계속맞다가 오늘은 기관이 뒤통수치네
million,2025-01-09T15:42:55+09:00,기관이 가관이네 지들이 팔고 나가는구만
곰돌이우,2025-01-09T15:42:30+09:00,우선 희소식은 외인 매수세는 유지된다는거네요
김치전감자전삼전,2025-01-09T15:42:19+09:00,"다행이건
외국인은 매수
기관이 매도
기다려봅니다"
서노최고,2025-01-09T15:41:42+09:00,가관넘들 완전매국노들 기가찬다
똑상가즈아,2025-01-09T15:39:35+09:00,내가 뉴스뜨면 털린다고 했쩨 ㅡㅡ 기관에서 양아치짓하네
맨징하고파,2025-01-09T15:39:32+09:00,"장막판 200만주이상 매수
특정 거래원이 이틀연속 풀매수네요
조만간 급등한번 기대할만할지도..!?"
Designseok,2025-01-09T15:39:28+09:00,기관이 다팔았네...
쿠키81,2025-01-09T15:38:25+09:00,ㅎㄷㄷ
aiaitt,2025-01-09T15:38:19+09:00,"왜박는거죠.

엔비디아 게임용 그래픽에 삼성메모리 박는다는데"
쿠키81,2025-01-09T15:37:30+09:00,개관이 개관 했네
아프리카얼룩말,2025-01-09T15:37:28+09:00,뭐하는 놈이야 이거
런닝규,2025-01-09T15:35:15+09:00,마지막 들어온거 뭐지?
길동이랑,2025-01-09T15:33:49+09:00,역시. 내가 오름을. 정지시켰네 ㅋ 사자마자. 엘리베이터 탔네유
Designseok,2025-01-09T15:39:28+09:00,기관이 다팔았네...
쿠키81,2025-01-09T15:38:25+09:00,ㅎㄷㄷ
aiaitt,2025-01-09T15:38:19+09:00,"왜박는거죠.

엔비디아 게임용 그래픽에 삼성메모리 박는다는데"
쿠키81,2025-01-09T15:37:30+09:00,개관이 개관 했네
아프리카얼룩말,2025-01-09T15:37:28+09:00,뭐하는 놈이야 이거
런닝규,2025-01-09T15:35:15+09:00,마지막 들어온거 뭐지?
길동이랑,2025-01-09T15:33:49+09:00,역시. 내가 오름을. 정지시켰네 ㅋ 사자마자. 엘리베이터 탔네유
지구마불세계여행,2025-01-09T15:33:43+09:00,외국인 8만밖에 안팔았네요??
한달300만벌자,2025-01-09T15:33:29+09:00,이틀을못가요
우와진짜주식어렵네,2025-01-09T15:32:42+09:00,개미들만 판건가...
구미장수말발,2025-01-09T15:31:08+09:00,오늘도 수고!
푸르른른,2025-01-09T15:31:07+09:00,"이럴거면 어제.뭐하러 올렷냐
이러려고 올렸냐 나쁜놈들"
익쩌리styx,2025-01-09T15:29:35+09:00,"삼성전자 주가 흐름 진짜 잼있네여 ㅋㅋㅋ

#SK바이오사이언스 로 오세요
이번주만 10퍼 오름..

전 추천해줬어유 ㅎ

이제 오를일만 남음"
alongs,2025-01-09T15:29:08+09:00,오늘 팔았네요 ㅠㅠ
지구마불세계여행,2025-01-09T15:33:43+09:00,외국인 8만밖에 안팔았네요??
한달300만벌자,2025-01-09T15:33:29+09:00,이틀을못가요
우와진짜주식어렵네,2025-01-09T15:32:42+09:00,개미들만 판건가...
구미장수말발,2025-01-09T15:31:08+09:00,오늘도 수고!
푸르른른,2025-01-09T15:31:07+09:00,"이럴거면 어제.뭐하러 올렷냐
이러려고 올렸냐 나쁜놈들"
익쩌리styx,2025-01-09T15:29:35+09:00,"삼성전자 주가 흐름 진짜 잼있네여 ㅋㅋㅋ

#SK바이오사이언스 로 오세요
이번주만 10퍼 오름..

전 추천해줬어유 ㅎ

이제 오를일만 남음"
alongs,2025-01-09T15:29:08+09:00,오늘 팔았네요 ㅠㅠ
미라클범띠,2025-01-09T15:28:44+09:00,7만만 가면 미련없이 털고 다신 안산다...
돈물고오는까치,2025-01-09T15:27:51+09:00,하닉이가 이제ㅡ대장이네...
송호도리,2025-01-09T15:27:28+09:00,국민주
서창민서,2025-01-09T15:25:12+09:00,ㅇ
푸르른른,2025-01-09T15:31:07+09:00,"이럴거면 어제.뭐하러 올렷냐
이러려고 올렸냐 나쁜놈들"
익쩌리styx,2025-01-09T15:29:35+09:00,"삼성전자 주가 흐름 진짜 잼있네여 ㅋㅋㅋ

#SK바이오사이언스 로 오세요
이번주만 10퍼 오름..

전 추천해줬어유 ㅎ

이제 오를일만 남음"
alongs,2025-01-09T15:29:08+09:00,오늘 팔았네요 ㅠㅠ
미라클범띠,2025-01-09T15:28:44+09:00,7만만 가면 미련없이 털고 다신 안산다...
돈물고오는까치,2025-01-09T15:27:51+09:00,하닉이가 이제ㅡ대장이네...
송호도리,2025-01-09T15:27:28+09:00,국민주
서창민서,2025-01-09T15:25:12+09:00,ㅇ
벵벵벵축,2025-01-09T15:23:12+09:00,정찰
파파몽,2025-01-09T15:23:04+09:00,(￣(工)￣) ?
열혈아빠,2025-01-09T15:22:28+09:00,바닥권으로 보여 간만에 추매함~
대박날꺼얌,2025-01-09T15:22:12+09:00,아주 쇼를 하고 있네.
야잇흣,2025-01-09T15:21:44+09:00,ㅋㅋㅋ
푸르른른,2025-01-09T15:21:18+09:00,뭐야 장후 버그야?
송호도리,2025-01-09T15:27:28+09:00,국민주
서창민서,2025-01-09T15:25:12+09:00,ㅇ
벵벵벵축,2025-01-09T15:23:12+09:00,정찰
파파몽,2025-01-09T15:23:04+09:00,(￣(工)￣) ?
열혈아빠,2025-01-09T15:22:28+09:00,바닥권으로 보여 간만에 추매함~
대박날꺼얌,2025-01-09T15:22:12+09:00,아주 쇼를 하고 있네.
야잇흣,2025-01-09T15:21:44+09:00,ㅋㅋㅋ
푸르른른,2025-01-09T15:21:18+09:00,뭐야 장후 버그야?
주린살려줘,2025-01-09T15:21:16+09:00,올라가ㅠㅜ
양봉탐지하는꿀벌이서,2025-01-09T15:20:21+09:00,세일하네
으석이,2025-01-09T15:19:36+09:00,ㅋㅋ5년전이랑 주가가 똑같에 물가가 얼마나 뛰었는데
마카오강,2025-01-09T15:16:50+09:00,..ㅠ
부리부리대마와,2025-01-09T15:16:45+09:00,벨트 찼는데 왜이렇게 흔들리나요?
장투황태자,2025-01-09T15:16:29+09:00,대한민국이 망하는거다.
푸르른른,2025-01-09T15:21:18+09:00,뭐야 장후 버그야?
주린살려줘,2025-01-09T15:21:16+09:00,올라가ㅠㅜ
양봉탐지하는꿀벌이서,2025-01-09T15:20:21+09:00,세일하네
으석이,2025-01-09T15:19:36+09:00,ㅋㅋ5년전이랑 주가가 똑같에 물가가 얼마나 뛰었는데
마카오강,2025-01-09T15:16:50+09:00,..ㅠ
부리부리대마와,2025-01-09T15:16:45+09:00,벨트 찼는데 왜이렇게 흔들리나요?
장투황태자,2025-01-09T15:16:29+09:00,대한민국이 망하는거다.
손마사요시,2025-01-09T15:15:33+09:00,침팬지도 이쯤되면 국장은 안올거같은데
주식초보133,2025-01-09T15:15:21+09:00,하.. 그냥 존버 타야되나ㅠㅠ
대나미,2025-01-09T15:14:11+09:00,운전 뭐같이하네ㅠㅋ
차트볼시간에더자기,2025-01-09T15:13:12+09:00,"미장 쉬는날이라 맛만봤습니다



역시 지독한 맛입니다"
alongs,2025-01-09T15:12:41+09:00,부탁이야~~~
지구마불세계여행,2025-01-09T15:12:23+09:00,태초마을 기모띠
지하실밑,2025-01-09T15:11:53+09:00,역시는 역시다 이변은 없다
장투황태자,2025-01-09T15:16:29+09:00,대한민국이 망하는거다.
손마사요시,2025-01-09T15:15:33+09:00,침팬지도 이쯤되면 국장은 안올거같은데
주식초보133,2025-01-09T15:15:21+09:00,하.. 그냥 존버 타야되나ㅠㅠ
대나미,2025-01-09T15:14:11+09:00,운전 뭐같이하네ㅠㅋ
차트볼시간에더자기,2025-01-09T15:13:12+09:00,"미장 쉬는날이라 맛만봤습니다



역시 지독한 맛입니다"
alongs,2025-01-09T15:12:41+09:00,부탁이야~~~
지구마불세계여행,2025-01-09T15:12:23+09:00,태초마을 기모띠
지하실밑,2025-01-09T15:11:53+09:00,역시는 역시다 이변은 없다
갸주야요,2025-01-09T15:11:26+09:00,와 낚일뻔했네
투기꾼서씨,2025-01-09T15:11:09+09:00,"뭐가 그리
급하다고 또 내려가니..
조금이라도 버티질 못하고.."
입색노랑이,2025-01-09T15:11:08+09:00,젠슨황 이빨 값이 딱 하루네…
영주시,2025-01-09T15:10:57+09:00,ㅠㅠ
호돌3,2025-01-09T15:08:29+09:00,수고하세요
맨징하고파,2025-01-09T15:08:17+09:00,신용도 털리고 옵션만기에 급등락 장난없네요
지하실밑,2025-01-09T15:11:53+09:00,역시는 역시다 이변은 없다
갸주야요,2025-01-09T15:11:26+09:00,와 낚일뻔했네
투기꾼서씨,2025-01-09T15:11:09+09:00,"뭐가 그리
급하다고 또 내려가니..
조금이라도 버티질 못하고.."
입색노랑이,2025-01-09T15:11:08+09:00,젠슨황 이빨 값이 딱 하루네…
영주시,2025-01-09T15:10:57+09:00,ㅠㅠ
호돌3,2025-01-09T15:08:29+09:00,수고하세요
맨징하고파,2025-01-09T15:08:17+09:00,신용도 털리고 옵션만기에 급등락 장난없네요
하힝히,2025-01-09T15:04:56+09:00,3시넘으니 확떨어지네
포도님이라규,2025-01-09T15:03:43+09:00,꼬라지 좀 봐라 ㅋ 오늘 팔기는 글렀다...
내가사면떨어젼,2025-01-09T15:03:30+09:00,이모양이면 우짜냐?
익쩌리styx,2025-01-09T15:00:48+09:00,일부빼서 #SK바이오사이언스 로 갈아탐
파파몽,2025-01-09T15:00:13+09:00,여기가 그래도 승차감은 좋더라고
내가젤잘,2025-01-09T14:58:23+09:00,"6만만좀가자 갈때안됐나??
아놔~~"
맨징하고파,2025-01-09T15:08:17+09:00,신용도 털리고 옵션만기에 급등락 장난없네요
하힝히,2025-01-09T15:04:56+09:00,3시넘으니 확떨어지네
포도님이라규,2025-01-09T15:03:43+09:00,꼬라지 좀 봐라 ㅋ 오늘 팔기는 글렀다...
내가사면떨어젼,2025-01-09T15:03:30+09:00,이모양이면 우짜냐?
익쩌리styx,2025-01-09T15:00:48+09:00,일부빼서 #SK바이오사이언스 로 갈아탐
파파몽,2025-01-09T15:00:13+09:00,여기가 그래도 승차감은 좋더라고
내가젤잘,2025-01-09T14:58:23+09:00,"6만만좀가자 갈때안됐나??
아놔~~"
빨간맛가즈아,2025-01-09T14:58:00+09:00,가즈아 제발
프리티머큐리,2025-01-09T14:57:52+09:00,황사장이 말해도 안오르는건가?
시너닝이다,2025-01-09T14:57:34+09:00,ㅎㅎㅎ
동동파다,2025-01-09T14:56:32+09:00,약속의 3시!!!
토마토0306,2025-01-09T14:56:09+09:00,6층사는 사람인데 물타기했습니다
꿈꾸는희망웃자,2025-01-09T14:56:00+09:00,"떨구든 말든....마음대로 하이~소
망하지만 않으면 돼요.돼요.돼용
언젠~가는 가겠지...^^
쩐이 문제지...ㅋㅋ"
내가젤잘,2025-01-09T14:58:23+09:00,"6만만좀가자 갈때안됐나??
아놔~~"
빨간맛가즈아,2025-01-09T14:58:00+09:00,가즈아 제발
프리티머큐리,2025-01-09T14:57:52+09:00,황사장이 말해도 안오르는건가?
시너닝이다,2025-01-09T14:57:34+09:00,ㅎㅎㅎ
동동파다,2025-01-09T14:56:32+09:00,약속의 3시!!!
토마토0306,2025-01-09T14:56:09+09:00,6층사는 사람인데 물타기했습니다
꿈꾸는희망웃자,2025-01-09T14:56:00+09:00,"떨구든 말든....마음대로 하이~소
망하지만 않으면 돼요.돼요.돼용
언젠~가는 가겠지...^^
쩐이 문제지...ㅋㅋ"
불타는만두장,2025-01-09T14:55:24+09:00,하이닉스로 벌고왔습니다
진돌맘,2025-01-09T14:50:39+09:00,모간딩시ㅋㅋ
행운초록클로ba,2025-01-09T14:49:33+09:00,다시 왔어요
탐욕스님,2025-01-09T14:48:10+09:00,과거 삼전차트 쭉 보면 바닥에서 만원은 회복했었으니 59000원대까지는 가긴갈듯
포도님이라규,2025-01-09T14:47:34+09:00,6시간째 보고 있지만 100원도 못 벌었네ㅠ
토마토0306,2025-01-09T14:56:09+09:00,6층사는 사람인데 물타기했습니다
꿈꾸는희망웃자,2025-01-09T14:56:00+09:00,"떨구든 말든....마음대로 하이~소
망하지만 않으면 돼요.돼요.돼용
언젠~가는 가겠지...^^
쩐이 문제지...ㅋㅋ"
불타는만두장,2025-01-09T14:55:24+09:00,하이닉스로 벌고왔습니다
진돌맘,2025-01-09T14:50:39+09:00,모간딩시ㅋㅋ
행운초록클로ba,2025-01-09T14:49:33+09:00,다시 왔어요
탐욕스님,2025-01-09T14:48:10+09:00,과거 삼전차트 쭉 보면 바닥에서 만원은 회복했었으니 59000원대까지는 가긴갈듯
포도님이라규,2025-01-09T14:47:34+09:00,6시간째 보고 있지만 100원도 못 벌었네ㅠ
하이닉스3,2025-01-09T14:45:22+09:00,"한두번 격어보냐
외인이 사서 조금 오를까해서 사면 외인. 기관 팔고. 어제나 오늘 팔아야지."
그저살아간다,2025-01-09T14:41:31+09:00,삼성 또떨
워렌흑우버핏,2025-01-09T14:39:20+09:00,단타치기 너무 좋은 종목
가자스키,2025-01-09T14:38:15+09:00,"와
외국인 배신 때리네 또"
찡뚱이,2025-01-09T14:35:43+09:00,젠슨황할애미가 와도 지금으로선 5만초까지 빽턴확률 높음
포도님이라규,2025-01-09T14:35:16+09:00,그래. 오늘 못 팔면 그냥 같이 가자. 당신은 나의 동반자~
유유송,2025-01-09T14:34:06+09:00,"57900에 사람있어요.~~~~~
6만은 바라지도 않는다.
58이라도 한번만 ㅠㅠㅠㅠ"
하이닉스3,2025-01-09T14:45:22+09:00,"한두번 격어보냐
외인이 사서 조금 오를까해서 사면 외인. 기관 팔고. 어제나 오늘 팔아야지."
그저살아간다,2025-01-09T14:41:31+09:00,삼성 또떨
워렌흑우버핏,2025-01-09T14:39:20+09:00,단타치기 너무 좋은 종목
가자스키,2025-01-09T14:38:15+09:00,"와
외국인 배신 때리네 또"
찡뚱이,2025-01-09T14:35:43+09:00,젠슨황할애미가 와도 지금으로선 5만초까지 빽턴확률 높음
포도님이라규,2025-01-09T14:35:16+09:00,그래. 오늘 못 팔면 그냥 같이 가자. 당신은 나의 동반자~
유유송,2025-01-09T14:34:06+09:00,"57900에 사람있어요.~~~~~
6만은 바라지도 않는다.
58이라도 한번만 ㅠㅠㅠㅠ"
도롱롱롱롱,2025-01-09T14:31:54+09:00,57.만 와라 탈출하게 ㅠㅠ
Sidebar,2025-01-09T14:30:16+09:00,"발표 당시 ""G7 memory from Micron"" 발언으로 RTX5000시리즈 그래픽카드에 마이크론의 메모리가 탑재되고 삼성과 SK하이닉스의 메모리는 배제된 것이냐는 질문에 ""아니다""라는 답변을 하였음. 삼성전자, SK하이닉스, 마이크론 등 많은 협력사에게서 부품을 공급받을 예정이라고 밝혔음."
콩순냥,2025-01-09T14:29:28+09:00,삼성은 왜이렇게 못가나요? 허탈하네요
안녕하루야,2025-01-09T14:26:47+09:00,한번 해볼까나
포도님이라규,2025-01-09T14:24:59+09:00,기를 쓰고 56700원에 팔려는 ×들
빨간맛가즈아,2025-01-09T14:24:58+09:00,6분전
러블리소울,2025-01-09T14:24:03+09:00,슬슬올라간다 가버리나?
도롱롱롱롱,2025-01-09T14:31:54+09:00,57.만 와라 탈출하게 ㅠㅠ
Sidebar,2025-01-09T14:30:16+09:00,"발표 당시 ""G7 memory from Micron"" 발언으로 RTX5000시리즈 그래픽카드에 마이크론의 메모리가 탑재되고 삼성과 SK하이닉스의 메모리는 배제된 것이냐는 질문에 ""아니다""라는 답변을 하였음. 삼성전자, SK하이닉스, 마이크론 등 많은 협력사에게서 부품을 공급받을 예정이라고 밝혔음."
콩순냥,2025-01-09T14:29:28+09:00,삼성은 왜이렇게 못가나요? 허탈하네요
안녕하루야,2025-01-09T14:26:47+09:00,한번 해볼까나
포도님이라규,2025-01-09T14:24:59+09:00,기를 쓰고 56700원에 팔려는 ×들
빨간맛가즈아,2025-01-09T14:24:58+09:00,6분전
러블리소울,2025-01-09T14:24:03+09:00,슬슬올라간다 가버리나?
복따라기,2025-01-09T14:22:47+09:00,삼성 올라가자~넌 할수있어
달금질,2025-01-09T14:22:37+09:00,"삼성이 출렁이면 코스피지수도 안올라간다.
너는 버팀목이 되어야한다.
힘내라! 💪"
예금보다더벌자,2025-01-09T14:21:43+09:00,삼럼 삼렇지ㅋㅋ
아크테릯,2025-01-09T14:19:16+09:00,곧 다시 4만전자 볼것 같은데
한걸음두걸음씩,2025-01-09T14:16:41+09:00,"#그냥봅니다
큰 호재없이 오른주식은 반드시 내린다
반대로 작은 호재만 발생하면 급상승도 한다
진입시점 보는중 입니다
저평가 되었다고 생각합니다"
스노우볼링,2025-01-09T14:15:39+09:00,"8일(현지 시간) 황 CEO는 공식 성명을 통해 “지포스 RTX 50 시리즈는 여러 파트너가 제조한 GDDR7 메모리를 탑재했으며, 그 시작은 삼성”이라고 밝혔다.

행복회로 풀가동 🙏🙏🙏🙏🙏"
동동파다,2025-01-09T14:12:33+09:00,어깨걸엇! 영차영차
복따라기,2025-01-09T14:22:47+09:00,삼성 올라가자~넌 할수있어
달금질,2025-01-09T14:22:37+09:00,"삼성이 출렁이면 코스피지수도 안올라간다.
너는 버팀목이 되어야한다.
힘내라! 💪"
예금보다더벌자,2025-01-09T14:21:43+09:00,삼럼 삼렇지ㅋㅋ
아크테릯,2025-01-09T14:19:16+09:00,곧 다시 4만전자 볼것 같은데
한걸음두걸음씩,2025-01-09T14:16:41+09:00,"#그냥봅니다
큰 호재없이 오른주식은 반드시 내린다
반대로 작은 호재만 발생하면 급상승도 한다
진입시점 보는중 입니다
저평가 되었다고 생각합니다"
스노우볼링,2025-01-09T14:15:39+09:00,"8일(현지 시간) 황 CEO는 공식 성명을 통해 “지포스 RTX 50 시리즈는 여러 파트너가 제조한 GDDR7 메모리를 탑재했으며, 그 시작은 삼성”이라고 밝혔다.

행복회로 풀가동 🙏🙏🙏🙏🙏"
동동파다,2025-01-09T14:12:33+09:00,어깨걸엇! 영차영차
어마무시한햄찌,2025-01-09T14:11:16+09:00,"도망가
실적이 말이 안된다
왜 안떨어지는데"
천재혜,2025-01-09T14:11:07+09:00,하닉 팔고 ㅋㅋ
진처링,2025-01-09T14:10:57+09:00,이거 잡주 아님?
호잇힝,2025-01-09T14:10:56+09:00,삼성..기지개펴자
시련달,2025-01-09T14:10:32+09:00,도망쳐
스노우볼링,2025-01-09T14:15:39+09:00,"8일(현지 시간) 황 CEO는 공식 성명을 통해 “지포스 RTX 50 시리즈는 여러 파트너가 제조한 GDDR7 메모리를 탑재했으며, 그 시작은 삼성”이라고 밝혔다.

행복회로 풀가동 🙏🙏🙏🙏🙏"
동동파다,2025-01-09T14:12:33+09:00,어깨걸엇! 영차영차
어마무시한햄찌,2025-01-09T14:11:16+09:00,"도망가
실적이 말이 안된다
왜 안떨어지는데"
천재혜,2025-01-09T14:11:07+09:00,하닉 팔고 ㅋㅋ
진처링,2025-01-09T14:10:57+09:00,이거 잡주 아님?
호잇힝,2025-01-09T14:10:56+09:00,삼성..기지개펴자
시련달,2025-01-09T14:10:32+09:00,도망쳐
조땜스키,2025-01-09T14:10:26+09:00,ㄹㅅㄱㄹㅅㄱ
치넬리,2025-01-09T14:08:51+09:00,말아 올리고 망치캔들 바닥 확인이길 바란다..........ㅠㅠ
브쪽잉,2025-01-09T14:07:23+09:00,미장가서 양자컴에 물리는것보단 삼성이 나은듯
까르띠에탱크,2025-01-09T14:07:13+09:00,"국장에서 상장폐지 하고 나스닥에 상장 하면
어떻게 되나요?"
한량인생,2025-01-09T14:03:14+09:00,ㅋ
호잇힝,2025-01-09T14:10:56+09:00,삼성..기지개펴자
시련달,2025-01-09T14:10:32+09:00,도망쳐
조땜스키,2025-01-09T14:10:26+09:00,ㄹㅅㄱㄹㅅㄱ
치넬리,2025-01-09T14:08:51+09:00,말아 올리고 망치캔들 바닥 확인이길 바란다..........ㅠㅠ
브쪽잉,2025-01-09T14:07:23+09:00,미장가서 양자컴에 물리는것보단 삼성이 나은듯
까르띠에탱크,2025-01-09T14:07:13+09:00,"국장에서 상장폐지 하고 나스닥에 상장 하면
어떻게 되나요?"
한량인생,2025-01-09T14:03:14+09:00,ㅋ
뿌니걸,2025-01-09T14:01:19+09:00,악
굿후드,2025-01-09T13:59:06+09:00,어제 막판 탈출.... 잘나왔네 내려가면 다시 매수..
느기모,2025-01-09T13:58:42+09:00,실적봐라 일안하냐
말리지마못참아,2025-01-09T13:57:48+09:00,ㅋㅋㅋㅋㅋ8천원이라도 벌긴 했네
주린인하,2025-01-09T13:57:42+09:00,안녕히 계세요
브쪽잉,2025-01-09T14:07:23+09:00,미장가서 양자컴에 물리는것보단 삼성이 나은듯
까르띠에탱크,2025-01-09T14:07:13+09:00,"국장에서 상장폐지 하고 나스닥에 상장 하면
어떻게 되나요?"
한량인생,2025-01-09T14:03:14+09:00,ㅋ
뿌니걸,2025-01-09T14:01:19+09:00,악
굿후드,2025-01-09T13:59:06+09:00,어제 막판 탈출.... 잘나왔네 내려가면 다시 매수..
느기모,2025-01-09T13:58:42+09:00,실적봐라 일안하냐
말리지마못참아,2025-01-09T13:57:48+09:00,ㅋㅋㅋㅋㅋ8천원이라도 벌긴 했네
주린인하,2025-01-09T13:57:42+09:00,안녕히 계세요
팝핀지누,2025-01-09T13:57:34+09:00,또 저점에 매수 타이밍
진돌맘,2025-01-09T13:56:39+09:00,똑똑한 검은머리외인ㅋㅋ
PEEDA,2025-01-09T13:56:09+09:00,"어차피 기대도 안했음.
2년동안 hbm하나 해결못하는 멍청한 놈들이 다닌.ㄴ 회사인데.. 뭘기대함.
브로드컴 파운드리도 일본한테 맡긴다지?"
럭키반지,2025-01-09T13:55:13+09:00,드루와
녀님님,2025-01-09T13:53:18+09:00,다시 54전자 가는거니
느기모,2025-01-09T13:58:42+09:00,실적봐라 일안하냐
말리지마못참아,2025-01-09T13:57:48+09:00,ㅋㅋㅋㅋㅋ8천원이라도 벌긴 했네
주린인하,2025-01-09T13:57:42+09:00,안녕히 계세요
팝핀지누,2025-01-09T13:57:34+09:00,또 저점에 매수 타이밍
진돌맘,2025-01-09T13:56:39+09:00,똑똑한 검은머리외인ㅋㅋ
PEEDA,2025-01-09T13:56:09+09:00,"어차피 기대도 안했음.
2년동안 hbm하나 해결못하는 멍청한 놈들이 다닌.ㄴ 회사인데.. 뭘기대함.
브로드컴 파운드리도 일본한테 맡긴다지?"
럭키반지,2025-01-09T13:55:13+09:00,드루와
녀님님,2025-01-09T13:53:18+09:00,다시 54전자 가는거니
이방지,2025-01-09T13:52:45+09:00,버거성님들 어제 잘 구입해 놓으시고 오늘 왜 다들 반품을ㅠ.ㅠ
앤든2,2025-01-09T13:52:01+09:00,6만이라도 일단 자리잡자!
나르자,2025-01-09T13:51:01+09:00,"떨어질줄알고 팔았고
더 떨어질거고 다시 살거임
나같은 개미들은 어? 팔까? 할때 팔고
어? 살까? 할때 기다려야함"
파파몽,2025-01-09T13:50:55+09:00,여기는 냉탕임
일개인적무림,2025-01-09T13:50:02+09:00,제 생각엔 60000 이하는 저평가 구간이 맞음 천천히 분할 매수했으면 고수들은 지금 수익권임 이래서 분할매수가 중요함 저처럼 몰빵하면 대응이 안 됩니다
PEEDA,2025-01-09T13:56:09+09:00,"어차피 기대도 안했음.
2년동안 hbm하나 해결못하는 멍청한 놈들이 다닌.ㄴ 회사인데.. 뭘기대함.
브로드컴 파운드리도 일본한테 맡긴다지?"
럭키반지,2025-01-09T13:55:13+09:00,드루와
녀님님,2025-01-09T13:53:18+09:00,다시 54전자 가는거니
이방지,2025-01-09T13:52:45+09:00,버거성님들 어제 잘 구입해 놓으시고 오늘 왜 다들 반품을ㅠ.ㅠ
앤든2,2025-01-09T13:52:01+09:00,6만이라도 일단 자리잡자!
나르자,2025-01-09T13:51:01+09:00,"떨어질줄알고 팔았고
더 떨어질거고 다시 살거임
나같은 개미들은 어? 팔까? 할때 팔고
어? 살까? 할때 기다려야함"
파파몽,2025-01-09T13:50:55+09:00,여기는 냉탕임
일개인적무림,2025-01-09T13:50:02+09:00,제 생각엔 60000 이하는 저평가 구간이 맞음 천천히 분할 매수했으면 고수들은 지금 수익권임 이래서 분할매수가 중요함 저처럼 몰빵하면 대응이 안 됩니다
매스캇,2025-01-09T13:48:55+09:00,53오면 매수해야지
가자어,2025-01-09T13:47:56+09:00,"어제는 악재는 호재다 하면서 오르더니 오늘은 엔비가 써준다는 호재나오니까 떨어지네 ㅋㅋㅋㅋ
또 그놈의 선반영임?"
KimYG77,2025-01-09T13:47:47+09:00,외국넘들 들어오는 척하다 다빠지네... 삼성을 믿는 내가 바보지
수민93,2025-01-09T13:46:51+09:00,아주 개미들 털려고 열심히네 ㅋㅋ 좀 털려라 개미들아
나르자,2025-01-09T13:51:01+09:00,"떨어질줄알고 팔았고
더 떨어질거고 다시 살거임
나같은 개미들은 어? 팔까? 할때 팔고
어? 살까? 할때 기다려야함"
파파몽,2025-01-09T13:50:55+09:00,여기는 냉탕임
일개인적무림,2025-01-09T13:50:02+09:00,제 생각엔 60000 이하는 저평가 구간이 맞음 천천히 분할 매수했으면 고수들은 지금 수익권임 이래서 분할매수가 중요함 저처럼 몰빵하면 대응이 안 됩니다
매스캇,2025-01-09T13:48:55+09:00,53오면 매수해야지
가자어,2025-01-09T13:47:56+09:00,"어제는 악재는 호재다 하면서 오르더니 오늘은 엔비가 써준다는 호재나오니까 떨어지네 ㅋㅋㅋㅋ
또 그놈의 선반영임?"
KimYG77,2025-01-09T13:47:47+09:00,외국넘들 들어오는 척하다 다빠지네... 삼성을 믿는 내가 바보지
수민93,2025-01-09T13:46:51+09:00,아주 개미들 털려고 열심히네 ㅋㅋ 좀 털려라 개미들아
고래딸기지리산,2025-01-09T13:46:12+09:00,역시 아침 뉴스 좋은 소식 있으면 떨어지군 ㅡㅡ
강미성,2025-01-09T13:45:45+09:00,내가넣으면 물림
꾸물꾸물1,2025-01-09T13:44:44+09:00,여윽시 ㅋㅋㅋ
블루판다,2025-01-09T13:44:38+09:00,지난번부터 말하지 않았나 외인은 기관이 계속 사줘야 팔건데 최근들어 기관도 외인따라 해서 외인이 그거 뿌리치려고 억지로 사고 기관 눈치보면서 판다고 호재가 없는데 들어올리가 없지.
쀼직쿵,2025-01-09T13:43:37+09:00,역시 호재기사 뜨면 파는게 정답
리트리버1010,2025-01-09T13:42:40+09:00,외인들 왜 나가는거지??
고래딸기지리산,2025-01-09T13:46:12+09:00,역시 아침 뉴스 좋은 소식 있으면 떨어지군 ㅡㅡ
강미성,2025-01-09T13:45:45+09:00,내가넣으면 물림
꾸물꾸물1,2025-01-09T13:44:44+09:00,여윽시 ㅋㅋㅋ
블루판다,2025-01-09T13:44:38+09:00,지난번부터 말하지 않았나 외인은 기관이 계속 사줘야 팔건데 최근들어 기관도 외인따라 해서 외인이 그거 뿌리치려고 억지로 사고 기관 눈치보면서 판다고 호재가 없는데 들어올리가 없지.
쀼직쿵,2025-01-09T13:43:37+09:00,역시 호재기사 뜨면 파는게 정답
리트리버1010,2025-01-09T13:42:40+09:00,외인들 왜 나가는거지??
존버하는거야,2025-01-09T13:42:10+09:00,진짜 지겹다 탈출하면 두번다시 안옴
뭐지망한듯,2025-01-09T13:42:09+09:00,외국인들 왜 빠짐??;
히코루또동,2025-01-09T13:42:05+09:00,저때문이에요
1일100달러버는도토리도토리,2025-01-09T13:41:59+09:00,"누나 오빠 언니 형들아
지금 5만원~56000원 박스권 깨지고
5만6천 바닥다지기 중인거라고 나는 생각햄

내평단서 나는 3월까지 1차 20% 먹을생각입니다.

5만4천원중반대 내려오면 추매마지막 기회일것같은데 기회주고 갈지는 모르겠당

호재가 등장하기시작하고 신용투자줄어들고
외인 슬슬 들어오면 가는겁니다.
쫄지마세욤."
2030년미래에서왔다,2025-01-09T13:41:13+09:00,이맛에 삼성주식하는거지
마카오강,2025-01-09T13:41:05+09:00,아나 다시 마이너스네
전자렌지,2025-01-09T13:40:58+09:00,한번 개미털고 다시 올리겠지
리트리버1010,2025-01-09T13:42:40+09:00,외인들 왜 나가는거지??
존버하는거야,2025-01-09T13:42:10+09:00,진짜 지겹다 탈출하면 두번다시 안옴
뭐지망한듯,2025-01-09T13:42:09+09:00,외국인들 왜 빠짐??;
히코루또동,2025-01-09T13:42:05+09:00,저때문이에요
1일100달러버는도토리도토리,2025-01-09T13:41:59+09:00,"누나 오빠 언니 형들아
지금 5만원~56000원 박스권 깨지고
5만6천 바닥다지기 중인거라고 나는 생각햄

내평단서 나는 3월까지 1차 20% 먹을생각입니다.

5만4천원중반대 내려오면 추매마지막 기회일것같은데 기회주고 갈지는 모르겠당

호재가 등장하기시작하고 신용투자줄어들고
외인 슬슬 들어오면 가는겁니다.
쫄지마세욤."
2030년미래에서왔다,2025-01-09T13:41:13+09:00,이맛에 삼성주식하는거지
마카오강,2025-01-09T13:41:05+09:00,아나 다시 마이너스네
전자렌지,2025-01-09T13:40:58+09:00,한번 개미털고 다시 올리겠지
투기꾼서씨,2025-01-09T13:40:44+09:00,정떨어지네..
권제로,2025-01-09T13:40:39+09:00,다시 5.3 간다 꽉붙잡아!!!
쿠쿠루삥뿡뿡,2025-01-09T13:39:27+09:00,애써올리고 다시내리오노!
파파몽,2025-01-09T13:38:46+09:00,외국인들 간보고 멈춘것 같기도 하고 애매하네
권제로,2025-01-09T13:37:57+09:00,제가 사서 내린거임 물론 1주만샀지만 ㅋㅋ
보름낮달,2025-01-09T13:37:35+09:00,"얘는 진짜 숨기고 안보는게 맞구나
내년에보자 안녕~~"
전자렌지,2025-01-09T13:40:58+09:00,한번 개미털고 다시 올리겠지
투기꾼서씨,2025-01-09T13:40:44+09:00,정떨어지네..
권제로,2025-01-09T13:40:39+09:00,다시 5.3 간다 꽉붙잡아!!!
쿠쿠루삥뿡뿡,2025-01-09T13:39:27+09:00,애써올리고 다시내리오노!
파파몽,2025-01-09T13:38:46+09:00,외국인들 간보고 멈춘것 같기도 하고 애매하네
권제로,2025-01-09T13:37:57+09:00,제가 사서 내린거임 물론 1주만샀지만 ㅋㅋ
보름낮달,2025-01-09T13:37:35+09:00,"얘는 진짜 숨기고 안보는게 맞구나
내년에보자 안녕~~"
일개인적무림,2025-01-09T13:37:23+09:00,솔직히 누가 봐도 저평가는 맞음 근데 이거 투자할 바에 미국 우량주나 투자하지 지금은 주가 저평가 환율 저평가라 괜찮긴함 그래도 소액만 투자하세요 변동성 없어서 노잼임
1일100달러버는도토리도토리,2025-01-09T13:36:35+09:00,도토리도토리도토리₩₩₩₩
Jinace,2025-01-09T13:36:32+09:00,이게 머선129!!
익쩌리styx,2025-01-09T13:36:23+09:00,"잼있당 ㅎㅎㅎㅎ


애드랑 나 신나♡♡♡"
오빠달룡,2025-01-09T13:36:15+09:00,공매도 날라오면 미치겠죠 ㅠㅠ
더도말고백억만벌자,2025-01-09T13:36:14+09:00,외인들 백원띠기 하고 나가네 ㅎㅎ
권제로,2025-01-09T13:37:57+09:00,제가 사서 내린거임 물론 1주만샀지만 ㅋㅋ
보름낮달,2025-01-09T13:37:35+09:00,"얘는 진짜 숨기고 안보는게 맞구나
내년에보자 안녕~~"
일개인적무림,2025-01-09T13:37:23+09:00,솔직히 누가 봐도 저평가는 맞음 근데 이거 투자할 바에 미국 우량주나 투자하지 지금은 주가 저평가 환율 저평가라 괜찮긴함 그래도 소액만 투자하세요 변동성 없어서 노잼임
1일100달러버는도토리도토리,2025-01-09T13:36:35+09:00,도토리도토리도토리₩₩₩₩
Jinace,2025-01-09T13:36:32+09:00,이게 머선129!!
익쩌리styx,2025-01-09T13:36:23+09:00,"잼있당 ㅎㅎㅎㅎ


애드랑 나 신나♡♡♡"
오빠달룡,2025-01-09T13:36:15+09:00,공매도 날라오면 미치겠죠 ㅠㅠ
더도말고백억만벌자,2025-01-09T13:36:14+09:00,외인들 백원띠기 하고 나가네 ㅎㅎ
다이소매매,2025-01-09T13:35:59+09:00,징그럽네..
쪽박찬인생,2025-01-09T13:35:35+09:00,하루가 참 길구나....매일 반복되는 일상 오르락 또 내리락 또오르락 또 내리락 지겨벼
운좋은자산가,2025-01-09T13:35:07+09:00,노답이군
그라소,2025-01-09T13:34:33+09:00,떨어질 건데기가 아직도 남았니?
네오셈,2025-01-09T13:34:28+09:00,오른거다시반납이네
오빠달룡,2025-01-09T13:36:15+09:00,공매도 날라오면 미치겠죠 ㅠㅠ
더도말고백억만벌자,2025-01-09T13:36:14+09:00,외인들 백원띠기 하고 나가네 ㅎㅎ
다이소매매,2025-01-09T13:35:59+09:00,징그럽네..
쪽박찬인생,2025-01-09T13:35:35+09:00,하루가 참 길구나....매일 반복되는 일상 오르락 또 내리락 또오르락 또 내리락 지겨벼
운좋은자산가,2025-01-09T13:35:07+09:00,노답이군
그라소,2025-01-09T13:34:33+09:00,떨어질 건데기가 아직도 남았니?
네오셈,2025-01-09T13:34:28+09:00,오른거다시반납이네
급등주설거지1타강사,2025-01-09T13:34:09+09:00,"바보라서 물린게 아닙니다 ㅋㅋㅋㅋ
정확히 이런 식으로 물리게 되는거지
다시 올라갈거라고 손실 안보려고 들고있다가 최소 한달형임"
회산동사슴,2025-01-09T13:34:06+09:00,이럴줄 알았다...
잘사는집,2025-01-09T13:33:53+09:00,트위터
재로재로,2025-01-09T13:33:14+09:00,이정도로 저평가임?
장투그만,2025-01-09T13:32:55+09:00,떨어주는건 한순간
갸주야요,2025-01-09T13:32:17+09:00,그래도 이정도탈출이어디냐 좀더 저점에들어오겠습니다
네오셈,2025-01-09T13:34:28+09:00,오른거다시반납이네
급등주설거지1타강사,2025-01-09T13:34:09+09:00,"바보라서 물린게 아닙니다 ㅋㅋㅋㅋ
정확히 이런 식으로 물리게 되는거지
다시 올라갈거라고 손실 안보려고 들고있다가 최소 한달형임"
회산동사슴,2025-01-09T13:34:06+09:00,이럴줄 알았다...
잘사는집,2025-01-09T13:33:53+09:00,트위터
재로재로,2025-01-09T13:33:14+09:00,이정도로 저평가임?
장투그만,2025-01-09T13:32:55+09:00,떨어주는건 한순간
갸주야요,2025-01-09T13:32:17+09:00,그래도 이정도탈출이어디냐 좀더 저점에들어오겠습니다
일개인적무림,2025-01-09T13:32:09+09:00,외인 입장에서 이렇게 털어야 개미들 실망매물 받고 올림
아직은주린잇,2025-01-09T13:32:04+09:00,무섭게 내려가네요..
밥값냠,2025-01-09T13:31:33+09:00,자리 좀 지키자 님들아
뵹아리일,2025-01-09T13:30:42+09:00,아 익절로 겨우 탈출했다가 다시 오니까 또 물리네 ㅋㅋㅋㅋㅋㅋㅋㅋㅋㅋ
마카오강,2025-01-09T13:30:39+09:00,어디까지 떨어지냐
익쩌리styx,2025-01-09T13:30:31+09:00,꽉잡앙 ㅎ
갸주야요,2025-01-09T13:32:17+09:00,그래도 이정도탈출이어디냐 좀더 저점에들어오겠습니다
일개인적무림,2025-01-09T13:32:09+09:00,외인 입장에서 이렇게 털어야 개미들 실망매물 받고 올림
아직은주린잇,2025-01-09T13:32:04+09:00,무섭게 내려가네요..
밥값냠,2025-01-09T13:31:33+09:00,자리 좀 지키자 님들아
뵹아리일,2025-01-09T13:30:42+09:00,아 익절로 겨우 탈출했다가 다시 오니까 또 물리네 ㅋㅋㅋㅋㅋㅋㅋㅋㅋㅋ
마카오강,2025-01-09T13:30:39+09:00,어디까지 떨어지냐
익쩌리styx,2025-01-09T13:30:31+09:00,꽉잡앙 ㅎ
구름속의산책,2025-01-09T13:30:00+09:00,미래사업로봇ai어마하게큰돈이 들어가는데 몇년전부터벌써 계획이되어가는데 추진이잘된다면 미래사업만100조매출이가능하지않을까
보름낮달,2025-01-09T13:29:25+09:00,그렇게 사재껴도 파는사람이 더 많아서 올라가지 않는 주식이라니.. 대체 그동안 무슨일이 있었던거임
삼스헝,2025-01-09T13:29:04+09:00,미장으로 옮기고 수익 보는 중. 진짜 국장은 답이 없네
푸바오돌아와,2025-01-09T13:28:26+09:00,"다들 매수버튼에서 손 떼세요!!!
전 삼전을 해봤어요!!!!!!!!"
로스차일드가,2025-01-09T13:28:17+09:00,잘 좀 되나 싶었는데 ㅜㅜ 뭐지 참 국장 탈출은 지능순인가...
뵹아리일,2025-01-09T13:30:42+09:00,아 익절로 겨우 탈출했다가 다시 오니까 또 물리네 ㅋㅋㅋㅋㅋㅋㅋㅋㅋㅋ
마카오강,2025-01-09T13:30:39+09:00,어디까지 떨어지냐
익쩌리styx,2025-01-09T13:30:31+09:00,꽉잡앙 ㅎ
구름속의산책,2025-01-09T13:30:00+09:00,미래사업로봇ai어마하게큰돈이 들어가는데 몇년전부터벌써 계획이되어가는데 추진이잘된다면 미래사업만100조매출이가능하지않을까
보름낮달,2025-01-09T13:29:25+09:00,그렇게 사재껴도 파는사람이 더 많아서 올라가지 않는 주식이라니.. 대체 그동안 무슨일이 있었던거임
삼스헝,2025-01-09T13:29:04+09:00,미장으로 옮기고 수익 보는 중. 진짜 국장은 답이 없네
푸바오돌아와,2025-01-09T13:28:26+09:00,"다들 매수버튼에서 손 떼세요!!!
전 삼전을 해봤어요!!!!!!!!"
로스차일드가,2025-01-09T13:28:17+09:00,잘 좀 되나 싶었는데 ㅜㅜ 뭐지 참 국장 탈출은 지능순인가...
삼성전자주주주주,2025-01-09T13:28:07+09:00,"개미 븅신들이 어제부터 계속 파니까 못올리고

그냥 포기하고나가노ㅋㅋ"
마카오강,2025-01-09T13:27:58+09:00,도망갑니다
미니퐁,2025-01-09T13:27:18+09:00,지겹다 지겨워
25년1억벌기,2025-01-09T13:27:07+09:00,난 삼전주주는 아니지만 삼전은 잘되었으면하는 바램
삼스헝,2025-01-09T13:29:04+09:00,미장으로 옮기고 수익 보는 중. 진짜 국장은 답이 없네
푸바오돌아와,2025-01-09T13:28:26+09:00,"다들 매수버튼에서 손 떼세요!!!
전 삼전을 해봤어요!!!!!!!!"
로스차일드가,2025-01-09T13:28:17+09:00,잘 좀 되나 싶었는데 ㅜㅜ 뭐지 참 국장 탈출은 지능순인가...
삼성전자주주주주,2025-01-09T13:28:07+09:00,"개미 븅신들이 어제부터 계속 파니까 못올리고

그냥 포기하고나가노ㅋㅋ"
마카오강,2025-01-09T13:27:58+09:00,도망갑니다
미니퐁,2025-01-09T13:27:18+09:00,지겹다 지겨워
25년1억벌기,2025-01-09T13:27:07+09:00,난 삼전주주는 아니지만 삼전은 잘되었으면하는 바램
하힝히,2025-01-09T13:27:07+09:00,어제 올린거 고대로 다시 빼겠네 내일까지ㅋㅋㅋ 개미지옥이네 진짜
일개인적무림,2025-01-09T13:26:49+09:00,전 59400부터 물량 정리할 거임 단지 미장 100으로 50만원 벌때 지금 삼전 800으로 -20만원 인게 변동성 1도 없고 이렇게 돈 묶이고 물릴바에 걍 엔비나 테슬라 변동성 쌘 걸로 묶이고 싶네요 그래도 한국 1등이라 샀는데 공부 안 하고 산 제 잘못이네요
투자대회참가자25698,2025-01-09T13:24:43+09:00,참 징글맞다
얼음연못,2025-01-09T13:24:41+09:00,개인들 또 낚였노 ㅋㅋㅋㅋㅋㅋ
아직은주린잇,2025-01-09T13:24:20+09:00,내려와꾸나 역시
trinity8888,2025-01-09T13:22:49+09:00,ㅎ
25년1억벌기,2025-01-09T13:27:07+09:00,난 삼전주주는 아니지만 삼전은 잘되었으면하는 바램
하힝히,2025-01-09T13:27:07+09:00,어제 올린거 고대로 다시 빼겠네 내일까지ㅋㅋㅋ 개미지옥이네 진짜
일개인적무림,2025-01-09T13:26:49+09:00,전 59400부터 물량 정리할 거임 단지 미장 100으로 50만원 벌때 지금 삼전 800으로 -20만원 인게 변동성 1도 없고 이렇게 돈 묶이고 물릴바에 걍 엔비나 테슬라 변동성 쌘 걸로 묶이고 싶네요 그래도 한국 1등이라 샀는데 공부 안 하고 산 제 잘못이네요
투자대회참가자25698,2025-01-09T13:24:43+09:00,참 징글맞다
얼음연못,2025-01-09T13:24:41+09:00,개인들 또 낚였노 ㅋㅋㅋㅋㅋㅋ
아직은주린잇,2025-01-09T13:24:20+09:00,내려와꾸나 역시
trinity8888,2025-01-09T13:22:49+09:00,ㅎ
삼성시크릿쥬쥬,2025-01-09T13:21:40+09:00,오늘도 개미만 낚였구나~~
의왕불량주부,2025-01-09T13:21:29+09:00,모건은 하는짓이 개 쌩 양아치 같아요 아침에 쭈욱 들어와서 단타 치고 빠지네요 어제 목포가 낮주고 들어와서는 ~ 개미들 어그로 나 하고 하여간 개 쌩양치들..
호오고우,2025-01-09T13:21:18+09:00,2퍼오르고 2퍼 조정하고 이게삼전이지 아오
천재주린i,2025-01-09T13:20:49+09:00,다시 소액 입성
급등주단타왕,2025-01-09T13:20:04+09:00,얼음
전삼2500출,2025-01-09T13:19:54+09:00,#삼성전자 팔지마 ...
trinity8888,2025-01-09T13:22:49+09:00,ㅎ
삼성시크릿쥬쥬,2025-01-09T13:21:40+09:00,오늘도 개미만 낚였구나~~
의왕불량주부,2025-01-09T13:21:29+09:00,모건은 하는짓이 개 쌩 양아치 같아요 아침에 쭈욱 들어와서 단타 치고 빠지네요 어제 목포가 낮주고 들어와서는 ~ 개미들 어그로 나 하고 하여간 개 쌩양치들..
호오고우,2025-01-09T13:21:18+09:00,2퍼오르고 2퍼 조정하고 이게삼전이지 아오
천재주린i,2025-01-09T13:20:49+09:00,다시 소액 입성
급등주단타왕,2025-01-09T13:20:04+09:00,얼음
전삼2500출,2025-01-09T13:19:54+09:00,#삼성전자 팔지마 ...
국장여우,2025-01-09T13:19:10+09:00,"끝났어요,,?"
장투황태자,2025-01-09T13:18:50+09:00,기관=흉적=이완익=개양치
익쩌리styx,2025-01-09T13:18:50+09:00,생각보다 빨리 내려온당..ㅎ
매스캇,2025-01-09T13:18:15+09:00,"니가
그럼 그렇지"
해피엔딩s,2025-01-09T13:18:10+09:00,"분할 2차 매수 했습니다.

앞으로도 계속 잘게 분할 매수해서

평단 조절하고 수량 늘릴 생각이니,

혹시 함께 가실분들은 시드 잘게 나눠서

같이 가요^^

파이팅 입니다."
급등주단타왕,2025-01-09T13:20:04+09:00,얼음
전삼2500출,2025-01-09T13:19:54+09:00,#삼성전자 팔지마 ...
국장여우,2025-01-09T13:19:10+09:00,"끝났어요,,?"
장투황태자,2025-01-09T13:18:50+09:00,기관=흉적=이완익=개양치
익쩌리styx,2025-01-09T13:18:50+09:00,생각보다 빨리 내려온당..ㅎ
매스캇,2025-01-09T13:18:15+09:00,"니가
그럼 그렇지"
해피엔딩s,2025-01-09T13:18:10+09:00,"분할 2차 매수 했습니다.

앞으로도 계속 잘게 분할 매수해서

평단 조절하고 수량 늘릴 생각이니,

혹시 함께 가실분들은 시드 잘게 나눠서

같이 가요^^

파이팅 입니다."
짐시작,2025-01-09T13:17:48+09:00,밑에서 뭐이 잡아땡기나 올라가지를 못하네 ᆢ
허후호혀,2025-01-09T13:17:23+09:00,심상치않다
장투황태자,2025-01-09T13:17:19+09:00,기관은 매도해서 엿사쳐먹고.
슈랭슈랭,2025-01-09T13:16:42+09:00,빨간불 안파라 ~떨어지면 물타징.
과즈아앙,2025-01-09T13:16:25+09:00,JP모건서울은 평단이 얼마길래 오전에 최고가에 사서 지금 던진 건가요?
매스캇,2025-01-09T13:18:15+09:00,"니가
그럼 그렇지"
해피엔딩s,2025-01-09T13:18:10+09:00,"분할 2차 매수 했습니다.

앞으로도 계속 잘게 분할 매수해서

평단 조절하고 수량 늘릴 생각이니,

혹시 함께 가실분들은 시드 잘게 나눠서

같이 가요^^

파이팅 입니다."
짐시작,2025-01-09T13:17:48+09:00,밑에서 뭐이 잡아땡기나 올라가지를 못하네 ᆢ
허후호혀,2025-01-09T13:17:23+09:00,심상치않다
장투황태자,2025-01-09T13:17:19+09:00,기관은 매도해서 엿사쳐먹고.
슈랭슈랭,2025-01-09T13:16:42+09:00,빨간불 안파라 ~떨어지면 물타징.
과즈아앙,2025-01-09T13:16:25+09:00,JP모건서울은 평단이 얼마길래 오전에 최고가에 사서 지금 던진 건가요?
귀싱꿈꿔뚀,2025-01-09T13:15:52+09:00,"우리나라 대표기업 주식이 이정도 일줄이야..
주식얼마안하고 물론장투를 해봣자 3-4개월정도지만.. 삼성은 ㅜㅜ
들어올때마다 왜 .. 고구마먹은느낌이징..
심지어 호재가 지금 널려있고 … 미래가치가
있어서 투자할맛 날텐데도 이렇게 오르지 못하니
ㅠㅠㅠㅠㅠㅠ 너무 물려잇는사람들이 많아서
그런가 ㅜㅜ"
초식동물OO,2025-01-09T13:15:48+09:00,대피하라
장투황태자,2025-01-09T13:15:30+09:00,나라가 산다.갸양짓의 대명사 기관
Mkopl,2025-01-09T13:15:01+09:00,10년 숨기기 해야것어
러블리소울,2025-01-09T13:14:37+09:00,57000원 안뚤리니까 매도 친겁니다 매물이 많긴 한가봐요 내일 재돌파 시도할듯 아니면 월요일이나
가격파괴,2025-01-09T13:13:37+09:00,재용이형 정말 너무하다...
과즈아앙,2025-01-09T13:16:25+09:00,JP모건서울은 평단이 얼마길래 오전에 최고가에 사서 지금 던진 건가요?
귀싱꿈꿔뚀,2025-01-09T13:15:52+09:00,"우리나라 대표기업 주식이 이정도 일줄이야..
주식얼마안하고 물론장투를 해봣자 3-4개월정도지만.. 삼성은 ㅜㅜ
들어올때마다 왜 .. 고구마먹은느낌이징..
심지어 호재가 지금 널려있고 … 미래가치가
있어서 투자할맛 날텐데도 이렇게 오르지 못하니
ㅠㅠㅠㅠㅠㅠ 너무 물려잇는사람들이 많아서
그런가 ㅜㅜ"
초식동물OO,2025-01-09T13:15:48+09:00,대피하라
장투황태자,2025-01-09T13:15:30+09:00,나라가 산다.갸양짓의 대명사 기관
Mkopl,2025-01-09T13:15:01+09:00,10년 숨기기 해야것어
러블리소울,2025-01-09T13:14:37+09:00,57000원 안뚤리니까 매도 친겁니다 매물이 많긴 한가봐요 내일 재돌파 시도할듯 아니면 월요일이나
가격파괴,2025-01-09T13:13:37+09:00,재용이형 정말 너무하다...
trinity8888,2025-01-09T13:12:18+09:00,파이팅!
지누님,2025-01-09T13:12:13+09:00,다음에 다시 오겠습니다..
효효쟝,2025-01-09T13:11:59+09:00,뭐꼬
주린22221,2025-01-09T13:11:13+09:00,삼전 왜이러냐;;
하힝히,2025-01-09T13:10:33+09:00,저번에도 57이랑58 못넘더니 이번에도 못넘네ㅜ
주식은고기랑빵이다,2025-01-09T13:10:26+09:00,내가사면 떨어지고 팔면 오름.. 친구들이 너가 팔때 알려달라고…
가격파괴,2025-01-09T13:13:37+09:00,재용이형 정말 너무하다...
trinity8888,2025-01-09T13:12:18+09:00,파이팅!
지누님,2025-01-09T13:12:13+09:00,다음에 다시 오겠습니다..
효효쟝,2025-01-09T13:11:59+09:00,뭐꼬
주린22221,2025-01-09T13:11:13+09:00,삼전 왜이러냐;;
하힝히,2025-01-09T13:10:33+09:00,저번에도 57이랑58 못넘더니 이번에도 못넘네ㅜ
주식은고기랑빵이다,2025-01-09T13:10:26+09:00,내가사면 떨어지고 팔면 오름.. 친구들이 너가 팔때 알려달라고…
고공1244,2025-01-09T13:08:01+09:00,와 100만이 사라지네 ㄷㄷㄷ
댕댕이12,2025-01-09T13:07:28+09:00,그냥 묵묵히 들고만 있어도 언제가 오를것을.. 마음이 조급해지면 투자도 실패로 끝나요
주목이,2025-01-09T13:04:59+09:00,"이정도면 주식 떨굴라고 사는게 아닐까 싶은 망상이 듭니다
Feat . 잭슨황"
오늘도꼬라,2025-01-09T13:03:29+09:00,지금이 제일 싸다!!
내나이아홉살,2025-01-09T13:03:29+09:00,흐흐흐흐
파랑파롱,2025-01-09T13:01:28+09:00,호재만 떴는데도 바닥을 달리네 이야..
SeP9,2025-01-09T13:00:21+09:00,외인 한큐에 백만주 팔았네
주식은고기랑빵이다,2025-01-09T13:10:26+09:00,내가사면 떨어지고 팔면 오름.. 친구들이 너가 팔때 알려달라고…
고공1244,2025-01-09T13:08:01+09:00,와 100만이 사라지네 ㄷㄷㄷ
댕댕이12,2025-01-09T13:07:28+09:00,그냥 묵묵히 들고만 있어도 언제가 오를것을.. 마음이 조급해지면 투자도 실패로 끝나요
주목이,2025-01-09T13:04:59+09:00,"이정도면 주식 떨굴라고 사는게 아닐까 싶은 망상이 듭니다
Feat . 잭슨황"
오늘도꼬라,2025-01-09T13:03:29+09:00,지금이 제일 싸다!!
내나이아홉살,2025-01-09T13:03:29+09:00,흐흐흐흐
파랑파롱,2025-01-09T13:01:28+09:00,호재만 떴는데도 바닥을 달리네 이야..
SeP9,2025-01-09T13:00:21+09:00,외인 한큐에 백만주 팔았네
일개인적무림,2025-01-09T12:59:44+09:00,잡주 탈출 하고 싶어요
삿포로갈랭,2025-01-09T12:57:56+09:00,지금 이익일 때 팔아야 하나
doilloo,2025-01-09T12:56:19+09:00,뭐냐 외국인 오전까지 100만 넘었는데 싹 사라졌네
포도님이라규,2025-01-09T12:56:01+09:00,널 믿고 투자한 내가 실수 ㅠ
빨간맛가즈아,2025-01-09T12:54:51+09:00,JP모간 한번에 952816주 팔았네 개늠들
파랑파롱,2025-01-09T13:01:28+09:00,호재만 떴는데도 바닥을 달리네 이야..
SeP9,2025-01-09T13:00:21+09:00,외인 한큐에 백만주 팔았네
일개인적무림,2025-01-09T12:59:44+09:00,잡주 탈출 하고 싶어요
삿포로갈랭,2025-01-09T12:57:56+09:00,지금 이익일 때 팔아야 하나
doilloo,2025-01-09T12:56:19+09:00,뭐냐 외국인 오전까지 100만 넘었는데 싹 사라졌네
포도님이라규,2025-01-09T12:56:01+09:00,널 믿고 투자한 내가 실수 ㅠ
빨간맛가즈아,2025-01-09T12:54:51+09:00,JP모간 한번에 952816주 팔았네 개늠들
호갱쓰,2025-01-09T12:53:25+09:00,내가 다신 삼성 관련주식 사나 봐라.. ㅋㅋ 진짜 조오오오오오온나 쓰ㄹㅐ기주식이네
2030년미래에서왔다,2025-01-09T12:52:03+09:00,새로운거 없음 나락이다만....
앞자리남학생,2025-01-09T12:51:06+09:00,내 리게팅 아이온큐부터 살려라 젠ㅆ황아
키요코,2025-01-09T12:50:13+09:00,삼전이 별로다! 삼전이 무너질거라고 얘기하는게 아닙니다. 투자를 하지말라는것도 아니지요 하지만 지금 삼성에 '혁신'이 빠졌습니다 이게 되게 큰 위기입니다. 젠슨황이 마이크론 선택하고 SK는 2025 HBM 준비가 어느정도 되어가고 있지만 삼성은 아직까지 잘모르겠습니다. 저는 CES2025 덕에 조금 오른거 같은 느낌이 듭니다 결론은 가보자 삼성 제발 !!!
삼스헝,2025-01-09T12:49:37+09:00,혹시나가 역시나지
탐욕스님,2025-01-09T12:49:12+09:00,나도 가지고는 있지만 굳이 이런종목에 들어가서 수익률을 갉아먹는일은 안해도될듯
애플웨스트,2025-01-09T12:48:44+09:00,네이놈
호갱쓰,2025-01-09T12:53:25+09:00,내가 다신 삼성 관련주식 사나 봐라.. ㅋㅋ 진짜 조오오오오오온나 쓰ㄹㅐ기주식이네
2030년미래에서왔다,2025-01-09T12:52:03+09:00,새로운거 없음 나락이다만....
앞자리남학생,2025-01-09T12:51:06+09:00,내 리게팅 아이온큐부터 살려라 젠ㅆ황아
키요코,2025-01-09T12:50:13+09:00,삼전이 별로다! 삼전이 무너질거라고 얘기하는게 아닙니다. 투자를 하지말라는것도 아니지요 하지만 지금 삼성에 '혁신'이 빠졌습니다 이게 되게 큰 위기입니다. 젠슨황이 마이크론 선택하고 SK는 2025 HBM 준비가 어느정도 되어가고 있지만 삼성은 아직까지 잘모르겠습니다. 저는 CES2025 덕에 조금 오른거 같은 느낌이 듭니다 결론은 가보자 삼성 제발 !!!
삼스헝,2025-01-09T12:49:37+09:00,혹시나가 역시나지
탐욕스님,2025-01-09T12:49:12+09:00,나도 가지고는 있지만 굳이 이런종목에 들어가서 수익률을 갉아먹는일은 안해도될듯
애플웨스트,2025-01-09T12:48:44+09:00,네이놈
1초당10억,2025-01-09T12:48:31+09:00,상승세 기대 했는데 아쉽네요
달구형,2025-01-09T12:47:53+09:00,짧게 들어갔다가 갑니다. 한국 시장은 나중에 돌아올게요.
홍pro,2025-01-09T12:46:30+09:00,삼성망하자~
주린나롱,2025-01-09T12:46:02+09:00,에헤이 다 조졌네이거
투기꾼서씨,2025-01-09T12:42:53+09:00,비자발적 장투유발종목
포도님이라규,2025-01-09T12:42:08+09:00,서로 못 팔아서 안달이네 ㅋ
애플웨스트,2025-01-09T12:48:44+09:00,네이놈
1초당10억,2025-01-09T12:48:31+09:00,상승세 기대 했는데 아쉽네요
달구형,2025-01-09T12:47:53+09:00,짧게 들어갔다가 갑니다. 한국 시장은 나중에 돌아올게요.
홍pro,2025-01-09T12:46:30+09:00,삼성망하자~
주린나롱,2025-01-09T12:46:02+09:00,에헤이 다 조졌네이거
투기꾼서씨,2025-01-09T12:42:53+09:00,비자발적 장투유발종목
포도님이라규,2025-01-09T12:42:08+09:00,서로 못 팔아서 안달이네 ㅋ
가자저높은곳으로,2025-01-09T12:42:06+09:00,"엔비디아 대항마 브로드컴이 삼성에 설계맡기고
구글하고 애플등등 수요업체에 공급하려고 한다는데 그래서 삼성 곧 좋아진다는데
사실인가요?
어제쯤?"
빨간맛가즈아,2025-01-09T12:41:45+09:00,가즈아
죽죽죽올라라,2025-01-09T12:41:45+09:00,옆에는 5% 오르는구먼 왜이래
불기둥전문가,2025-01-09T12:41:22+09:00,제 그릇은 여기까지..
오키토끼요,2025-01-09T12:39:32+09:00,"양전좀 가즈아~~
이제 -1.5 남았다!!"
맨징하고파,2025-01-09T12:39:17+09:00,"1차 56000원 (통과)
2차 59000원
3차 66000원

렛츠고"
포도님이라규,2025-01-09T12:42:08+09:00,서로 못 팔아서 안달이네 ㅋ
가자저높은곳으로,2025-01-09T12:42:06+09:00,"엔비디아 대항마 브로드컴이 삼성에 설계맡기고
구글하고 애플등등 수요업체에 공급하려고 한다는데 그래서 삼성 곧 좋아진다는데
사실인가요?
어제쯤?"
빨간맛가즈아,2025-01-09T12:41:45+09:00,가즈아
죽죽죽올라라,2025-01-09T12:41:45+09:00,옆에는 5% 오르는구먼 왜이래
불기둥전문가,2025-01-09T12:41:22+09:00,제 그릇은 여기까지..
오키토끼요,2025-01-09T12:39:32+09:00,"양전좀 가즈아~~
이제 -1.5 남았다!!"
맨징하고파,2025-01-09T12:39:17+09:00,"1차 56000원 (통과)
2차 59000원
3차 66000원

렛츠고"
삿포로갈랭,2025-01-09T12:38:57+09:00,양전 좀 해봐 100원 갖고 엄청 왔다갔다하넹
뿌니걸,2025-01-09T12:38:47+09:00,오늘 딱 58까지만
박현명,2025-01-09T12:37:28+09:00,이쯤되면 양자주식하는애들 외화유출범아니냐
58261언제올래,2025-01-09T12:36:54+09:00,쪼매만 더가다 간질나게 하지 말고 제발 소원이다
이기은,2025-01-09T12:36:39+09:00,꺼억
맨징하고파,2025-01-09T12:39:17+09:00,"1차 56000원 (통과)
2차 59000원
3차 66000원

렛츠고"
삿포로갈랭,2025-01-09T12:38:57+09:00,양전 좀 해봐 100원 갖고 엄청 왔다갔다하넹
뿌니걸,2025-01-09T12:38:47+09:00,오늘 딱 58까지만
박현명,2025-01-09T12:37:28+09:00,이쯤되면 양자주식하는애들 외화유출범아니냐
58261언제올래,2025-01-09T12:36:54+09:00,쪼매만 더가다 간질나게 하지 말고 제발 소원이다
이기은,2025-01-09T12:36:39+09:00,꺼억
여비잖아,2025-01-09T12:36:17+09:00,배신자 들어오기전에 빨리 상가야 하지 않을까요?
고구마농부,2025-01-09T12:35:55+09:00,ㅆ레기주식
말차빵,2025-01-09T12:35:25+09:00,"오늘 옵션만기일
외인들 수익을 위해서 오늘 어거지로 지수방어하고
내일 쏟아져 내릴듯…"
손마사요시,2025-01-09T12:35:10+09:00,한곳에 모아서 섬에 쳐박고 강제노동을 시켜야된다 ㅉ
보일러댁에아버님놔드려야겠어,2025-01-09T12:25:05+09:00,삼전 1% 오를때 하이닉스 는 10% 오름.
정신차리고보니,2025-01-09T12:22:23+09:00,"20대 _ 인물 자랑 하며 살고
30대 _ 직장 자랑 하며 살고
40대 _ 재물 자랑 하며 살고
50대 _ 자식 자랑 하며 살고
60대 _ 세상 지켜 보며 살고
70대 _ 병원 다니는 재미로 살고
80대 _ 살아있어 사는것 이오

살다보면 잘해도 후회할것 이고 못해도 후회할것 인데 한살이라도 젊을때 부모님께 효도하고 가족에게 잘하는 삶이 행복한 삶이 아닐까 합니다.

욕심이 많고 돈 자랑하는건...
아직 건강하다는 증거 입니다.
젊기에 하고싶은 게 많다는 것
아프면 다 부질없는 것이오 ~~

돈좀 있으면 좋은 차 뽑아서 타고 다님 되고
돈좀 없으면 대중교통 이용하면 되고

돈좀 있으면 짜장면 사먹음 되고
돈좀 없으면 짜파게티 먹음 되고
다 뱃속에 들가면 똑같은 것인데

꼭 부모님 이나 가족에게 소고기 사줘야 행복이 아닙니다...
국밥을 한그릇 먹더라도 함께 웃으면서
따뜻하 말한마디 해주고 그런게 행복 아닐까요?

추운날씨 다들 부모님 그리고 가족에게
따뜻한 말 한마디가 추위를 녹여주지 않을까 싶네요 ~^^

그대가 헛데이 보낸 오늘은 ... 어제 죽어간 이가 그토록 살고 싶어하던 내일"
보일러댁에아버님놔드려야겠어,2025-01-09T12:21:44+09:00,아차 싶어서 외인들 다시 매도 ㅋ
여비잖아,2025-01-09T12:36:17+09:00,배신자 들어오기전에 빨리 상가야 하지 않을까요?
고구마농부,2025-01-09T12:35:55+09:00,ㅆ레기주식
말차빵,2025-01-09T12:35:25+09:00,"오늘 옵션만기일
외인들 수익을 위해서 오늘 어거지로 지수방어하고
내일 쏟아져 내릴듯…"
손마사요시,2025-01-09T12:35:10+09:00,한곳에 모아서 섬에 쳐박고 강제노동을 시켜야된다 ㅉ
보일러댁에아버님놔드려야겠어,2025-01-09T12:25:05+09:00,삼전 1% 오를때 하이닉스 는 10% 오름.
정신차리고보니,2025-01-09T12:22:23+09:00,"20대 _ 인물 자랑 하며 살고
30대 _ 직장 자랑 하며 살고
40대 _ 재물 자랑 하며 살고
50대 _ 자식 자랑 하며 살고
60대 _ 세상 지켜 보며 살고
70대 _ 병원 다니는 재미로 살고
80대 _ 살아있어 사는것 이오

살다보면 잘해도 후회할것 이고 못해도 후회할것 인데 한살이라도 젊을때 부모님께 효도하고 가족에게 잘하는 삶이 행복한 삶이 아닐까 합니다.

욕심이 많고 돈 자랑하는건...
아직 건강하다는 증거 입니다.
젊기에 하고싶은 게 많다는 것
아프면 다 부질없는 것이오 ~~

돈좀 있으면 좋은 차 뽑아서 타고 다님 되고
돈좀 없으면 대중교통 이용하면 되고

돈좀 있으면 짜장면 사먹음 되고
돈좀 없으면 짜파게티 먹음 되고
다 뱃속에 들가면 똑같은 것인데

꼭 부모님 이나 가족에게 소고기 사줘야 행복이 아닙니다...
국밥을 한그릇 먹더라도 함께 웃으면서
따뜻하 말한마디 해주고 그런게 행복 아닐까요?

추운날씨 다들 부모님 그리고 가족에게
따뜻한 말 한마디가 추위를 녹여주지 않을까 싶네요 ~^^

그대가 헛데이 보낸 오늘은 ... 어제 죽어간 이가 그토록 살고 싶어하던 내일"
보일러댁에아버님놔드려야겠어,2025-01-09T12:21:44+09:00,아차 싶어서 외인들 다시 매도 ㅋ
Society,2025-01-09T12:17:44+09:00,삼성 화이팅
급등주하지마뚱이야,2025-01-09T12:14:40+09:00,여기서 깔짝거리지말고 쭈욱가보장❤️
지금사면되니,2025-01-09T12:14:33+09:00,"25.8.11(월) 98,000원 갑니다"
이재용가리화이팅,2025-01-09T12:10:21+09:00,"구름대 저항 개오지네 ㅋㅋㅋ
구름 뚫고, 중단기 골든크로스 가즈아!!!"
폭풍핸들링,2025-01-09T12:03:56+09:00,삼쪽이에 물리신 6층이상 주주님들 선택은??
정신차리고보니,2025-01-09T12:22:23+09:00,"20대 _ 인물 자랑 하며 살고
30대 _ 직장 자랑 하며 살고
40대 _ 재물 자랑 하며 살고
50대 _ 자식 자랑 하며 살고
60대 _ 세상 지켜 보며 살고
70대 _ 병원 다니는 재미로 살고
80대 _ 살아있어 사는것 이오

살다보면 잘해도 후회할것 이고 못해도 후회할것 인데 한살이라도 젊을때 부모님께 효도하고 가족에게 잘하는 삶이 행복한 삶이 아닐까 합니다.

욕심이 많고 돈 자랑하는건...
아직 건강하다는 증거 입니다.
젊기에 하고싶은 게 많다는 것
아프면 다 부질없는 것이오 ~~

돈좀 있으면 좋은 차 뽑아서 타고 다님 되고
돈좀 없으면 대중교통 이용하면 되고

돈좀 있으면 짜장면 사먹음 되고
돈좀 없으면 짜파게티 먹음 되고
다 뱃속에 들가면 똑같은 것인데

꼭 부모님 이나 가족에게 소고기 사줘야 행복이 아닙니다...
국밥을 한그릇 먹더라도 함께 웃으면서
따뜻하 말한마디 해주고 그런게 행복 아닐까요?

추운날씨 다들 부모님 그리고 가족에게
따뜻한 말 한마디가 추위를 녹여주지 않을까 싶네요 ~^^

그대가 헛데이 보낸 오늘은 ... 어제 죽어간 이가 그토록 살고 싶어하던 내일"
보일러댁에아버님놔드려야겠어,2025-01-09T12:21:44+09:00,아차 싶어서 외인들 다시 매도 ㅋ
Society,2025-01-09T12:17:44+09:00,삼성 화이팅
급등주하지마뚱이야,2025-01-09T12:14:40+09:00,여기서 깔짝거리지말고 쭈욱가보장❤️
지금사면되니,2025-01-09T12:14:33+09:00,"25.8.11(월) 98,000원 갑니다"
이재용가리화이팅,2025-01-09T12:10:21+09:00,"구름대 저항 개오지네 ㅋㅋㅋ
구름 뚫고, 중단기 골든크로스 가즈아!!!"
폭풍핸들링,2025-01-09T12:03:56+09:00,삼쪽이에 물리신 6층이상 주주님들 선택은??
째링링,2025-01-09T12:02:25+09:00,하하하
포도님이라규,2025-01-09T12:02:16+09:00,몇시간째 뭐하냐?
단예도,2025-01-09T12:01:15+09:00,젠슨황에 힘인가 슬슬 올라가네
와카야마라멘,2025-01-09T12:00:31+09:00,어라 외인도 다시 파나??
곱등이면무서워영,2025-01-09T12:00:22+09:00,젠슨형님이 삼전을 그냥 공개적으로 패시던데? 설계도 엉망에 와 쉬운걸 못하지 대놓고 ces기조에서 까버렸음
이재용가리화이팅,2025-01-09T12:10:21+09:00,"구름대 저항 개오지네 ㅋㅋㅋ
구름 뚫고, 중단기 골든크로스 가즈아!!!"
폭풍핸들링,2025-01-09T12:03:56+09:00,삼쪽이에 물리신 6층이상 주주님들 선택은??
째링링,2025-01-09T12:02:25+09:00,하하하
포도님이라규,2025-01-09T12:02:16+09:00,몇시간째 뭐하냐?
단예도,2025-01-09T12:01:15+09:00,젠슨황에 힘인가 슬슬 올라가네
와카야마라멘,2025-01-09T12:00:31+09:00,어라 외인도 다시 파나??
곱등이면무서워영,2025-01-09T12:00:22+09:00,젠슨형님이 삼전을 그냥 공개적으로 패시던데? 설계도 엉망에 와 쉬운걸 못하지 대놓고 ces기조에서 까버렸음
리트리버1010,2025-01-09T11:59:10+09:00,떨어져도 외인이 들어오니 기분이 전혀 나쁘지 않다ㅋㅋㅋㅋㅋㅋㅋ
검객의심장,2025-01-09T11:57:48+09:00,"내 포트폴리오에서 유일하게 파란불 뜬게 이샊기임 ㅋㅋㅋㅋ
좀만 올려라 가져다 버리고 관심에서 삭제하게"
체리블라썸님,2025-01-09T11:52:23+09:00,"미장 전량 매도 했는데
국장 슈우웃"
지구마불세계여행,2025-01-09T11:52:04+09:00,낼 급등할듯
효효쟝,2025-01-09T11:51:55+09:00,8만열차 기관차 출발 신호 울렸다
내가젤잘,2025-01-09T11:51:54+09:00,6만가자 힘내!!
체리블라썸님,2025-01-09T11:51:46+09:00,"진짜에요?
https://www.hankyung.com/amp/2025010953437"
리트리버1010,2025-01-09T11:59:10+09:00,떨어져도 외인이 들어오니 기분이 전혀 나쁘지 않다ㅋㅋㅋㅋㅋㅋㅋ
검객의심장,2025-01-09T11:57:48+09:00,"내 포트폴리오에서 유일하게 파란불 뜬게 이샊기임 ㅋㅋㅋㅋ
좀만 올려라 가져다 버리고 관심에서 삭제하게"
체리블라썸님,2025-01-09T11:52:23+09:00,"미장 전량 매도 했는데
국장 슈우웃"
지구마불세계여행,2025-01-09T11:52:04+09:00,낼 급등할듯
효효쟝,2025-01-09T11:51:55+09:00,8만열차 기관차 출발 신호 울렸다
내가젤잘,2025-01-09T11:51:54+09:00,6만가자 힘내!!
체리블라썸님,2025-01-09T11:51:46+09:00,"진짜에요?
https://www.hankyung.com/amp/2025010953437"
개미심리상태감지기,2025-01-09T11:50:58+09:00,정상이죠?
가즈아쿠쿠,2025-01-09T11:49:08+09:00,다들성투하시길
주식에굶주린이,2025-01-09T11:47:17+09:00,정찰
파이아아아악이또한지나가리,2025-01-09T11:47:02+09:00,약 먹엇나?? 왜 이럼 황씨
내가젤잘,2025-01-09T11:51:54+09:00,6만가자 힘내!!
체리블라썸님,2025-01-09T11:51:46+09:00,"진짜에요?
https://www.hankyung.com/amp/2025010953437"
개미심리상태감지기,2025-01-09T11:50:58+09:00,정상이죠?
가즈아쿠쿠,2025-01-09T11:49:08+09:00,다들성투하시길
주식에굶주린이,2025-01-09T11:47:17+09:00,정찰
파이아아아악이또한지나가리,2025-01-09T11:47:02+09:00,약 먹엇나?? 왜 이럼 황씨
보름낮달,2025-01-09T11:47:00+09:00,올해의 잘한 선택이 삼전산거라고 해줘~
세상이억까즁,2025-01-09T11:46:03+09:00,지금 거울보면서 가위바위보 진항중이네
ShareHoldings,2025-01-09T11:44:30+09:00,https://m.blog.naver.com/jho7251/223719778681
우주천마,2025-01-09T11:42:56+09:00,개관아 눈치챙겨제발
대학섕쮸쮸,2025-01-09T11:41:48+09:00,매수
폭tothe락,2025-01-09T11:41:06+09:00,얘는 몇시간 째 거울보고 자기랑 스파링하고 있는지
파이아아아악이또한지나가리,2025-01-09T11:47:02+09:00,약 먹엇나?? 왜 이럼 황씨
보름낮달,2025-01-09T11:47:00+09:00,올해의 잘한 선택이 삼전산거라고 해줘~
세상이억까즁,2025-01-09T11:46:03+09:00,지금 거울보면서 가위바위보 진항중이네
ShareHoldings,2025-01-09T11:44:30+09:00,https://m.blog.naver.com/jho7251/223719778681
우주천마,2025-01-09T11:42:56+09:00,개관아 눈치챙겨제발
대학섕쮸쮸,2025-01-09T11:41:48+09:00,매수
폭tothe락,2025-01-09T11:41:06+09:00,얘는 몇시간 째 거울보고 자기랑 스파링하고 있는지
일십억만들기,2025-01-09T11:35:09+09:00,어라 안떨구네...
에코프로에이치앤,2025-01-09T11:34:43+09:00,역사적 최저가 할인?
붱붱이,2025-01-09T11:32:18+09:00,외국인이 돌아왔다
나도헉,2025-01-09T11:27:51+09:00,"삼전은 곰 이야
겨울잠 자자"
루이Looi,2025-01-09T11:27:10+09:00,믿는다
가비지컬렉터,2025-01-09T11:26:27+09:00,완전 물밥이네 삼성..😮‍💨
일십억만들기,2025-01-09T11:35:09+09:00,어라 안떨구네...
에코프로에이치앤,2025-01-09T11:34:43+09:00,역사적 최저가 할인?
붱붱이,2025-01-09T11:32:18+09:00,외국인이 돌아왔다
나도헉,2025-01-09T11:27:51+09:00,"삼전은 곰 이야
겨울잠 자자"
루이Looi,2025-01-09T11:27:10+09:00,믿는다
가비지컬렉터,2025-01-09T11:26:27+09:00,완전 물밥이네 삼성..😮‍💨
메이크윤,2025-01-09T11:26:00+09:00,뉴스떳네ㅎ
난다옹,2025-01-09T11:23:27+09:00,삼전. 생각해보면 너내 기술력이면. 글카. ai 기반 제작하는. 반도체만들어서. 완체만들어도 앤비 잡한테 뒤쳐지지않을거같은데. 글카 도전해보는것도 나쁘지않은데.
한강K,2025-01-09T11:22:18+09:00,"양자컴퓨터 관련주들 주가가 40%-50%씩 내렸습니다. 일제히 가격이 절반이 되었습니다.
하루사이의 일입니다.

해당게시판에선 원인을 젠슨황 엔비디아 대표의 발언으로 지목하고 있습니다.
어제 젠슨이 “양자컴퓨터는 상용화에 30년은 걸린다” 라고 발언했던 직후 주가가 즉시 반토막이 났기 때문입니다.
엔비디아게시판은 말 그대로 테러를 당하는 중입니다.

하지만 사실 양자컴퓨터 주가가 내린건 젠슨황 한 사람의 발언 때문이 아닙니다.
- 한달 새 스무배 가까이 올랐던 급등주들에
- 지속적으로 버블논란이 있었고
- 고점을 찍고나서 횡보 / 조정중이었던 주식들에 일제히 수익실현 매물이 나온겁니다.

지금 양자컴퓨터테마에 접근하는건 단타아닌이상 너무 위험합니다.

다시 볼게요.
양자컴퓨터 기술구현과 상용화가 아직 멀었다면, 지금과 같은 전자컴퓨터에 의존해야 합니다.
삼성은 자체적으로 양자연구도 하고 있습니다만 기본적으로 전자회사입니다.

AI연구를 위해 HBM은 지속적으로 필요하고
고품질 파운드리 역시 필요합니다.
따라서 삼전은 천천히 가더라도, 확실하게 가는 종목입니다.

투자방식에 따라 급등주 위주의 포트폴리오를 극단적으로 구성하실것이 아니라면, 삼전 투자 결코 나쁘지 않습니다.

아래 링크는 2주 전 제가 양자컴퓨터 폭락을 경고한 글입니다.

삼성전자 커뮤니티에 올라온 의견 보셨나요? ""FOMO"""
방구끼다똥싼다,2025-01-09T11:21:12+09:00,내가 다시 이걸 사다니....
개브럴티,2025-01-09T11:15:20+09:00,아이스크림 하나 사먹고 젝슨황 퉤퉤
Lmj23,2025-01-09T11:14:39+09:00,조아서
삼성매앤앵,2025-01-09T11:12:21+09:00,양자 보다가 이거 보니 개효자네 1년에 20퍼 빠짐
가비지컬렉터,2025-01-09T11:26:27+09:00,완전 물밥이네 삼성..😮‍💨
메이크윤,2025-01-09T11:26:00+09:00,뉴스떳네ㅎ
난다옹,2025-01-09T11:23:27+09:00,삼전. 생각해보면 너내 기술력이면. 글카. ai 기반 제작하는. 반도체만들어서. 완체만들어도 앤비 잡한테 뒤쳐지지않을거같은데. 글카 도전해보는것도 나쁘지않은데.
한강K,2025-01-09T11:22:18+09:00,"양자컴퓨터 관련주들 주가가 40%-50%씩 내렸습니다. 일제히 가격이 절반이 되었습니다.
하루사이의 일입니다.

해당게시판에선 원인을 젠슨황 엔비디아 대표의 발언으로 지목하고 있습니다.
어제 젠슨이 “양자컴퓨터는 상용화에 30년은 걸린다” 라고 발언했던 직후 주가가 즉시 반토막이 났기 때문입니다.
엔비디아게시판은 말 그대로 테러를 당하는 중입니다.

하지만 사실 양자컴퓨터 주가가 내린건 젠슨황 한 사람의 발언 때문이 아닙니다.
- 한달 새 스무배 가까이 올랐던 급등주들에
- 지속적으로 버블논란이 있었고
- 고점을 찍고나서 횡보 / 조정중이었던 주식들에 일제히 수익실현 매물이 나온겁니다.

지금 양자컴퓨터테마에 접근하는건 단타아닌이상 너무 위험합니다.

다시 볼게요.
양자컴퓨터 기술구현과 상용화가 아직 멀었다면, 지금과 같은 전자컴퓨터에 의존해야 합니다.
삼성은 자체적으로 양자연구도 하고 있습니다만 기본적으로 전자회사입니다.

AI연구를 위해 HBM은 지속적으로 필요하고
고품질 파운드리 역시 필요합니다.
따라서 삼전은 천천히 가더라도, 확실하게 가는 종목입니다.

투자방식에 따라 급등주 위주의 포트폴리오를 극단적으로 구성하실것이 아니라면, 삼전 투자 결코 나쁘지 않습니다.

아래 링크는 2주 전 제가 양자컴퓨터 폭락을 경고한 글입니다.

삼성전자 커뮤니티에 올라온 의견 보셨나요? ""FOMO"""
방구끼다똥싼다,2025-01-09T11:21:12+09:00,내가 다시 이걸 사다니....
개브럴티,2025-01-09T11:15:20+09:00,아이스크림 하나 사먹고 젝슨황 퉤퉤
Lmj23,2025-01-09T11:14:39+09:00,조아서
삼성매앤앵,2025-01-09T11:12:21+09:00,양자 보다가 이거 보니 개효자네 1년에 20퍼 빠짐
구미장수말발,2025-01-09T11:11:08+09:00,오후엔 일어서겠다 걱정하지 말자구 ㅋ
SeP9,2025-01-09T11:10:58+09:00,사모펀드 파는거보소
재로재로,2025-01-09T11:10:41+09:00,드드드드드드드드드
방구끼다똥싼다,2025-01-09T11:21:12+09:00,내가 다시 이걸 사다니....
개브럴티,2025-01-09T11:15:20+09:00,아이스크림 하나 사먹고 젝슨황 퉤퉤
Lmj23,2025-01-09T11:14:39+09:00,조아서
삼성매앤앵,2025-01-09T11:12:21+09:00,양자 보다가 이거 보니 개효자네 1년에 20퍼 빠짐
구미장수말발,2025-01-09T11:11:08+09:00,오후엔 일어서겠다 걱정하지 말자구 ㅋ
SeP9,2025-01-09T11:10:58+09:00,사모펀드 파는거보소
재로재로,2025-01-09T11:10:41+09:00,드드드드드드드드드
진돌맘,2025-01-09T11:08:38+09:00,"큰손들들어오네ㅎㅎ
좋대이"
마음2,2025-01-09T11:08:35+09:00,좀 올라가자
투기꾼서씨,2025-01-09T11:08:13+09:00,종가에는 상승으로 마감할 것 같다!
삼천23,2025-01-09T11:05:53+09:00,하핳 드디어 빨간불!!
탈퇴한회원4331630,2025-01-09T11:05:40+09:00,"구라친다고 가난인증하지마라
팩트만 말한다"
지구마불세계여행,2025-01-09T11:04:48+09:00,슬 시동거네
진돌맘,2025-01-09T11:08:38+09:00,"큰손들들어오네ㅎㅎ
좋대이"
마음2,2025-01-09T11:08:35+09:00,좀 올라가자
투기꾼서씨,2025-01-09T11:08:13+09:00,종가에는 상승으로 마감할 것 같다!
삼천23,2025-01-09T11:05:53+09:00,하핳 드디어 빨간불!!
탈퇴한회원4331630,2025-01-09T11:05:40+09:00,"구라친다고 가난인증하지마라
팩트만 말한다"
지구마불세계여행,2025-01-09T11:04:48+09:00,슬 시동거네
우루우루루,2025-01-09T11:03:44+09:00,가즈아
주린22221,2025-01-09T11:02:04+09:00,어차피 올라갈거 빨리 올라가자
부자왕이야,2025-01-09T11:00:45+09:00,징하다 진짜
일개인적무림,2025-01-09T11:00:41+09:00,달러 조금 남은 거로 사고 지금 봤는데 실화임? 미장해야 하는 이유임 고점에 사도 66% 어제 산 거임 빨리 탈출하고 싶다 삼전
바늘구멍뚫기,2025-01-09T10:57:44+09:00,가즈아
지구마불세계여행,2025-01-09T11:04:48+09:00,슬 시동거네
우루우루루,2025-01-09T11:03:44+09:00,가즈아
주린22221,2025-01-09T11:02:04+09:00,어차피 올라갈거 빨리 올라가자
부자왕이야,2025-01-09T11:00:45+09:00,징하다 진짜
일개인적무림,2025-01-09T11:00:41+09:00,달러 조금 남은 거로 사고 지금 봤는데 실화임? 미장해야 하는 이유임 고점에 사도 66% 어제 산 거임 빨리 탈출하고 싶다 삼전
바늘구멍뚫기,2025-01-09T10:57:44+09:00,가즈아
놀ToThe자,2025-01-09T10:53:56+09:00,"7만5천원 8만원 정도만 가주라

그 이상은 욕심 안부릴게.....ㅠㅠ"
월스트리트햄스터,2025-01-09T10:51:46+09:00,https://m.blog.naver.com/sierrajuliet-/223719701070
곰돌이우,2025-01-09T10:50:07+09:00,외인이 계속 줍는중 오히려 좋음 ㅇㅇ
땡기시오,2025-01-09T10:47:15+09:00,개미 터는 중일까요?
ikr,2025-01-09T10:46:38+09:00,"진짜 궁금한데 투자금 100억원 이상
있으신분 토스에 있나요?
아무리봐도 저건 개인이 들고 있기엔
무리가 있어 보여요."
부자왕이야,2025-01-09T11:00:45+09:00,징하다 진짜
일개인적무림,2025-01-09T11:00:41+09:00,달러 조금 남은 거로 사고 지금 봤는데 실화임? 미장해야 하는 이유임 고점에 사도 66% 어제 산 거임 빨리 탈출하고 싶다 삼전
바늘구멍뚫기,2025-01-09T10:57:44+09:00,가즈아
놀ToThe자,2025-01-09T10:53:56+09:00,"7만5천원 8만원 정도만 가주라

그 이상은 욕심 안부릴게.....ㅠㅠ"
월스트리트햄스터,2025-01-09T10:51:46+09:00,https://m.blog.naver.com/sierrajuliet-/223719701070
곰돌이우,2025-01-09T10:50:07+09:00,외인이 계속 줍는중 오히려 좋음 ㅇㅇ
땡기시오,2025-01-09T10:47:15+09:00,개미 터는 중일까요?
ikr,2025-01-09T10:46:38+09:00,"진짜 궁금한데 투자금 100억원 이상
있으신분 토스에 있나요?
아무리봐도 저건 개인이 들고 있기엔
무리가 있어 보여요."
불로소득좋아,2025-01-09T10:45:57+09:00,내 평단에서 춤을 추는 고만
저는주린이라하옵니다,2025-01-09T10:44:02+09:00,영차영차
놀ToThe자,2025-01-09T10:53:56+09:00,"7만5천원 8만원 정도만 가주라

그 이상은 욕심 안부릴게.....ㅠㅠ"
월스트리트햄스터,2025-01-09T10:51:46+09:00,https://m.blog.naver.com/sierrajuliet-/223719701070
곰돌이우,2025-01-09T10:50:07+09:00,외인이 계속 줍는중 오히려 좋음 ㅇㅇ
땡기시오,2025-01-09T10:47:15+09:00,개미 터는 중일까요?
ikr,2025-01-09T10:46:38+09:00,"진짜 궁금한데 투자금 100억원 이상
있으신분 토스에 있나요?
아무리봐도 저건 개인이 들고 있기엔
무리가 있어 보여요."
불로소득좋아,2025-01-09T10:45:57+09:00,내 평단에서 춤을 추는 고만
저는주린이라하옵니다,2025-01-09T10:44:02+09:00,영차영차
내가사면오르길,2025-01-09T10:43:45+09:00,이제 구름 거의 다 뚫었다
하늘소바람새,2025-01-09T10:43:26+09:00,Test
차트볼시간에더자기,2025-01-09T10:43:24+09:00,6만전자 방어전할때가 그립네
온세미킹,2025-01-09T10:43:02+09:00,2025년 말에얼마예상
박현명,2025-01-09T10:39:04+09:00,개인 기관이 팔고 외국인이 매수중인가요
보름낮달,2025-01-09T10:37:01+09:00,"주식 시작하고 제일 첨들어가본게 삼전이었는데 5만원이면 이름값에 비해 넘 싼거아니냐..
저점에 들어왔다고 생각했는데 또 너무 안올라서 놀랐음"
탈퇴한회원4331630,2025-01-09T10:35:14+09:00,꼬인애들 또 구라친다고 랄지거리지말고 져꺼
내가사면오르길,2025-01-09T10:43:45+09:00,이제 구름 거의 다 뚫었다
하늘소바람새,2025-01-09T10:43:26+09:00,Test
차트볼시간에더자기,2025-01-09T10:43:24+09:00,6만전자 방어전할때가 그립네
온세미킹,2025-01-09T10:43:02+09:00,2025년 말에얼마예상
박현명,2025-01-09T10:39:04+09:00,개인 기관이 팔고 외국인이 매수중인가요
보름낮달,2025-01-09T10:37:01+09:00,"주식 시작하고 제일 첨들어가본게 삼전이었는데 5만원이면 이름값에 비해 넘 싼거아니냐..
저점에 들어왔다고 생각했는데 또 너무 안올라서 놀랐음"
탈퇴한회원4331630,2025-01-09T10:35:14+09:00,꼬인애들 또 구라친다고 랄지거리지말고 져꺼
망고레,2025-01-09T10:35:02+09:00,6만 갑니다
양재불펀치,2025-01-09T10:34:41+09:00,https://n.news.naver.com/article/081/0003509737?cds=news_my
지누님,2025-01-09T10:34:25+09:00,"구매대기 56,000원은 너무한거 아닙니까!!"
기연니,2025-01-09T10:30:33+09:00,"가 움직이기 시작.
미증시 조정오면 국장은 과연~
https://n.news.naver.com/article/003/0013005660?sid=104"
쑥이철이,2025-01-09T10:26:22+09:00,재용회장도 엔비 황 만나서 차한잔해라 내가 차갑줄께
보름낮달,2025-01-09T10:37:01+09:00,"주식 시작하고 제일 첨들어가본게 삼전이었는데 5만원이면 이름값에 비해 넘 싼거아니냐..
저점에 들어왔다고 생각했는데 또 너무 안올라서 놀랐음"
탈퇴한회원4331630,2025-01-09T10:35:14+09:00,꼬인애들 또 구라친다고 랄지거리지말고 져꺼
망고레,2025-01-09T10:35:02+09:00,6만 갑니다
양재불펀치,2025-01-09T10:34:41+09:00,https://n.news.naver.com/article/081/0003509737?cds=news_my
지누님,2025-01-09T10:34:25+09:00,"구매대기 56,000원은 너무한거 아닙니까!!"
기연니,2025-01-09T10:30:33+09:00,"가 움직이기 시작.
미증시 조정오면 국장은 과연~
https://n.news.naver.com/article/003/0013005660?sid=104"
쑥이철이,2025-01-09T10:26:22+09:00,재용회장도 엔비 황 만나서 차한잔해라 내가 차갑줄께
고추튀김z,2025-01-09T10:26:19+09:00,"올해는 한국같은 아시아 시장이 금융시장을 주도할지도 모르겠네요

미국은 세계에 나눠주던 부를 가져오려고하면서부터 미국주식이 세계적으로 투자붐이 불었는데 이제는 선반영 다돼서 요즘 장이 별로 안좋음. 그 돈이 아시아로 이동하는중."
권제로,2025-01-09T10:25:48+09:00,오늘 옵션만기일이라 변동성이 심할거같아서 타점잡으려면 다음주보는게나을듯
장투황태자,2025-01-09T10:24:30+09:00,"점심먹고 오후에는 마음 돌려라...
이완익 되면 되겠냐...일단 6만은 찍고!
다시 생각해라..."
누룽치,2025-01-09T10:22:11+09:00,에혀 빨리더 올라가자
장투황태자,2025-01-09T10:21:40+09:00,오후에는 정신차리자...알았지?
기연니,2025-01-09T10:30:33+09:00,"가 움직이기 시작.
미증시 조정오면 국장은 과연~
https://n.news.naver.com/article/003/0013005660?sid=104"
쑥이철이,2025-01-09T10:26:22+09:00,재용회장도 엔비 황 만나서 차한잔해라 내가 차갑줄께
고추튀김z,2025-01-09T10:26:19+09:00,"올해는 한국같은 아시아 시장이 금융시장을 주도할지도 모르겠네요

미국은 세계에 나눠주던 부를 가져오려고하면서부터 미국주식이 세계적으로 투자붐이 불었는데 이제는 선반영 다돼서 요즘 장이 별로 안좋음. 그 돈이 아시아로 이동하는중."
권제로,2025-01-09T10:25:48+09:00,오늘 옵션만기일이라 변동성이 심할거같아서 타점잡으려면 다음주보는게나을듯
장투황태자,2025-01-09T10:24:30+09:00,"점심먹고 오후에는 마음 돌려라...
이완익 되면 되겠냐...일단 6만은 찍고!
다시 생각해라..."
누룽치,2025-01-09T10:22:11+09:00,에혀 빨리더 올라가자
장투황태자,2025-01-09T10:21:40+09:00,오후에는 정신차리자...알았지?
7퍼럴목냥이,2025-01-09T10:19:55+09:00,다시보니 국장이 선녀였다ㅋㅋㅌ
주린이예욧,2025-01-09T10:19:39+09:00,에이씽 떨어지네
먹어보자투자맨,2025-01-09T10:19:04+09:00,삼성만 빨강이면 국장 80%빨강이다 어서가라
쁨이29,2025-01-09T10:17:54+09:00,안되. 내려가면. 52층은 힘들까요
뉴진s,2025-01-09T10:16:57+09:00,기관들 수익실현중.
장투황태자,2025-01-09T10:16:24+09:00,세스에끝나기전에 6만은 찍어야지....초치고 있네...
7퍼럴목냥이,2025-01-09T10:19:55+09:00,다시보니 국장이 선녀였다ㅋㅋㅌ
주린이예욧,2025-01-09T10:19:39+09:00,에이씽 떨어지네
먹어보자투자맨,2025-01-09T10:19:04+09:00,삼성만 빨강이면 국장 80%빨강이다 어서가라
쁨이29,2025-01-09T10:17:54+09:00,안되. 내려가면. 52층은 힘들까요
뉴진s,2025-01-09T10:16:57+09:00,기관들 수익실현중.
장투황태자,2025-01-09T10:16:24+09:00,세스에끝나기전에 6만은 찍어야지....초치고 있네...
호갱쓰,2025-01-09T10:15:29+09:00,"아니 외인 매수할때 같이 매수해서 좀 올리자고~ 뭐하는데 ㅋㅋ 어우!!
컄~퉤"
가격파괴,2025-01-09T10:15:09+09:00,젠슨황 vs 이재용 야차룰 ... 이재용에게 내 삼전 10주 건다
1초당10억,2025-01-09T10:14:11+09:00,삼성 파이팅...
장투황태자,2025-01-09T10:13:42+09:00,저 밑바닥에서 드러븐거만 배웠네...
한장군2,2025-01-09T10:13:33+09:00,"외인들이매수 하네요
30% 올라갈수 있나요?"
장투황태자,2025-01-09T10:12:25+09:00,외인형들 열심히 사는데 기관또 양치질 눈치 보내..
지구마불세계여행,2025-01-09T10:10:55+09:00,기관이 개미질하네
호갱쓰,2025-01-09T10:15:29+09:00,"아니 외인 매수할때 같이 매수해서 좀 올리자고~ 뭐하는데 ㅋㅋ 어우!!
컄~퉤"
가격파괴,2025-01-09T10:15:09+09:00,젠슨황 vs 이재용 야차룰 ... 이재용에게 내 삼전 10주 건다
1초당10억,2025-01-09T10:14:11+09:00,삼성 파이팅...
장투황태자,2025-01-09T10:13:42+09:00,저 밑바닥에서 드러븐거만 배웠네...
한장군2,2025-01-09T10:13:33+09:00,"외인들이매수 하네요
30% 올라갈수 있나요?"
장투황태자,2025-01-09T10:12:25+09:00,외인형들 열심히 사는데 기관또 양치질 눈치 보내..
지구마불세계여행,2025-01-09T10:10:55+09:00,기관이 개미질하네
재로재로,2025-01-09T10:10:42+09:00,이게 선반영이였음? ㅋㅋㅋㅋㅋㅋㅋㅋ
시련달,2025-01-09T10:10:35+09:00,"어제 실스큐 와서 놀리던 사람들
여기서 많이들 벌고 계신가요??"
올라옹,2025-01-09T10:10:33+09:00,"일어나
이제 가야지"
오키토끼요,2025-01-09T10:07:39+09:00,슥 처럼 좀 날아가봐~~봐
주식에굶주린이,2025-01-09T10:05:05+09:00,다시 설계 하라신다 4만 후반대까지 갈거 같다 안녕…
로빈아우디,2025-01-09T10:04:41+09:00,이게 국장의 매력이지!
지구마불세계여행,2025-01-09T10:10:55+09:00,기관이 개미질하네
재로재로,2025-01-09T10:10:42+09:00,이게 선반영이였음? ㅋㅋㅋㅋㅋㅋㅋㅋ
시련달,2025-01-09T10:10:35+09:00,"어제 실스큐 와서 놀리던 사람들
여기서 많이들 벌고 계신가요??"
올라옹,2025-01-09T10:10:33+09:00,"일어나
이제 가야지"
오키토끼요,2025-01-09T10:07:39+09:00,슥 처럼 좀 날아가봐~~봐
주식에굶주린이,2025-01-09T10:05:05+09:00,다시 설계 하라신다 4만 후반대까지 갈거 같다 안녕…
로빈아우디,2025-01-09T10:04:41+09:00,이게 국장의 매력이지!
장투황태자,2025-01-09T10:03:49+09:00,자사주 준비해라.
월루가됩시다,2025-01-09T10:02:28+09:00,얘는 왜 매일 떨어만 지냐
uxm,2025-01-09T10:01:20+09:00,그렇대요
뱅방붕,2025-01-09T10:00:38+09:00,"외인이 사는건 또 얼마만인가..
근데떨어지넹ㅋ"
주식에굶주린이,2025-01-09T10:05:05+09:00,다시 설계 하라신다 4만 후반대까지 갈거 같다 안녕…
로빈아우디,2025-01-09T10:04:41+09:00,이게 국장의 매력이지!
장투황태자,2025-01-09T10:03:49+09:00,자사주 준비해라.
월루가됩시다,2025-01-09T10:02:28+09:00,얘는 왜 매일 떨어만 지냐
uxm,2025-01-09T10:01:20+09:00,그렇대요
뱅방붕,2025-01-09T10:00:38+09:00,"외인이 사는건 또 얼마만인가..
근데떨어지넹ㅋ"
슈랭슈랭,2025-01-09T09:59:07+09:00,슈랭이 삼전 빨간불 이떠용 칠만천언도 이떠용 ㅋㅋㅋㅋ
참도깨비,2025-01-09T09:58:51+09:00,고고
1초당10억,2025-01-09T09:58:34+09:00,응원합니다.
서현진,2025-01-09T09:57:21+09:00,"확실한건 외국인 매수세로
완전히 방향이 바뀌었다는거.
오늘 옵션 만기일인데
방향성이 삼전 롱이 확실하고
물린분들은 그냥
현생 살면서 기다립시다."
성스러운투자,2025-01-09T09:57:20+09:00,외국인이 엄청 사는데도 개미가 팔아서 오르지 못하네..
월루가됩시다,2025-01-09T10:02:28+09:00,얘는 왜 매일 떨어만 지냐
uxm,2025-01-09T10:01:20+09:00,그렇대요
뱅방붕,2025-01-09T10:00:38+09:00,"외인이 사는건 또 얼마만인가..
근데떨어지넹ㅋ"
슈랭슈랭,2025-01-09T09:59:07+09:00,슈랭이 삼전 빨간불 이떠용 칠만천언도 이떠용 ㅋㅋㅋㅋ
참도깨비,2025-01-09T09:58:51+09:00,고고
1초당10억,2025-01-09T09:58:34+09:00,응원합니다.
서현진,2025-01-09T09:57:21+09:00,"확실한건 외국인 매수세로
완전히 방향이 바뀌었다는거.
오늘 옵션 만기일인데
방향성이 삼전 롱이 확실하고
물린분들은 그냥
현생 살면서 기다립시다."
성스러운투자,2025-01-09T09:57:20+09:00,외국인이 엄청 사는데도 개미가 팔아서 오르지 못하네..
MoonRings,2025-01-09T09:57:02+09:00,"미국에서 구경 왔습니다.
여기도 황 사장 원망이 그득하네요
파이팅입니다.
저희도 황 사장 때문에 밤 샜습니다."
시크릿첨,2025-01-09T09:56:52+09:00,본인이 보인자본사는거면 위기라는거다
라부뷰,2025-01-09T09:53:59+09:00,젠슨황 사람인가ㅋㅋㅋ 힘내세요 주주분들 뭐 이런애가 ceo를
LeeEunWha,2025-01-09T09:53:47+09:00,오늘은 힘이없네 에이
낙수공암,2025-01-09T09:53:10+09:00,"Hbm도기본적으로 메모리가 좋아야 al가 있지 삼성없이 세계
Al는 일보 전진없다,삼성은 조급 합 느끼지 마시고 하시는데로 하세요 2년뒤에 삼성시대 옵니다."
1초당10억,2025-01-09T09:58:34+09:00,응원합니다.
서현진,2025-01-09T09:57:21+09:00,"확실한건 외국인 매수세로
완전히 방향이 바뀌었다는거.
오늘 옵션 만기일인데
방향성이 삼전 롱이 확실하고
물린분들은 그냥
현생 살면서 기다립시다."
성스러운투자,2025-01-09T09:57:20+09:00,외국인이 엄청 사는데도 개미가 팔아서 오르지 못하네..
MoonRings,2025-01-09T09:57:02+09:00,"미국에서 구경 왔습니다.
여기도 황 사장 원망이 그득하네요
파이팅입니다.
저희도 황 사장 때문에 밤 샜습니다."
시크릿첨,2025-01-09T09:56:52+09:00,본인이 보인자본사는거면 위기라는거다
라부뷰,2025-01-09T09:53:59+09:00,젠슨황 사람인가ㅋㅋㅋ 힘내세요 주주분들 뭐 이런애가 ceo를
LeeEunWha,2025-01-09T09:53:47+09:00,오늘은 힘이없네 에이
낙수공암,2025-01-09T09:53:10+09:00,"Hbm도기본적으로 메모리가 좋아야 al가 있지 삼성없이 세계
Al는 일보 전진없다,삼성은 조급 합 느끼지 마시고 하시는데로 하세요 2년뒤에 삼성시대 옵니다."
Hohoho호호,2025-01-09T09:53:08+09:00,오.
짤랑이123,2025-01-09T09:52:47+09:00,호들갑 레전드 널뛰기 죙일 뛰면서 주식 어케하냐 첨엔 웃겨서 구경했는데 맨날 같은 레파토리라 이제 좀 신기함
개브럴티,2025-01-09T09:52:45+09:00,외인 물량 800만 다털고 들어가도 늦지않아
미용잉,2025-01-09T09:52:42+09:00,좀 쳐올라라 아오 진짜
주린이예욧,2025-01-09T09:52:30+09:00,톼 개인은 얼마나 팔아재끼는거야.. 버거형들이 사는데도 못올라가네
PrettyCathy,2025-01-09T09:51:22+09:00,삼전은 지킵시다. 팔지말고 가지고 있으면 꼭 10만전자 가는 날이 오리라 믿습니다.
낙수공암,2025-01-09T09:53:10+09:00,"Hbm도기본적으로 메모리가 좋아야 al가 있지 삼성없이 세계
Al는 일보 전진없다,삼성은 조급 합 느끼지 마시고 하시는데로 하세요 2년뒤에 삼성시대 옵니다."
Hohoho호호,2025-01-09T09:53:08+09:00,오.
짤랑이123,2025-01-09T09:52:47+09:00,호들갑 레전드 널뛰기 죙일 뛰면서 주식 어케하냐 첨엔 웃겨서 구경했는데 맨날 같은 레파토리라 이제 좀 신기함
개브럴티,2025-01-09T09:52:45+09:00,외인 물량 800만 다털고 들어가도 늦지않아
미용잉,2025-01-09T09:52:42+09:00,좀 쳐올라라 아오 진짜
주린이예욧,2025-01-09T09:52:30+09:00,톼 개인은 얼마나 팔아재끼는거야.. 버거형들이 사는데도 못올라가네
PrettyCathy,2025-01-09T09:51:22+09:00,삼전은 지킵시다. 팔지말고 가지고 있으면 꼭 10만전자 가는 날이 오리라 믿습니다.
울라리짱,2025-01-09T09:51:02+09:00,살아야 해서..ㅠ
알마니염,2025-01-09T09:50:07+09:00,삼전 홧팅
주린이77777777,2025-01-09T09:48:59+09:00,"기업에 비해 주가가 너무 낮은거 아닌지

그냥 묵혀둡니다 ㅅㄱ요"
낙수공암,2025-01-09T09:48:26+09:00,"치아라 정난치나!삼성이 최고
기업이다,엔비디아 장난치지마라
삼성 한데 흡수된다."
오지마깡,2025-01-09T09:47:56+09:00,개미좀 털었으면 달릴때가 다가오는구나~
양치기앙마,2025-01-09T09:46:07+09:00,감사
주린이예욧,2025-01-09T09:52:30+09:00,톼 개인은 얼마나 팔아재끼는거야.. 버거형들이 사는데도 못올라가네
PrettyCathy,2025-01-09T09:51:22+09:00,삼전은 지킵시다. 팔지말고 가지고 있으면 꼭 10만전자 가는 날이 오리라 믿습니다.
울라리짱,2025-01-09T09:51:02+09:00,살아야 해서..ㅠ
알마니염,2025-01-09T09:50:07+09:00,삼전 홧팅
주린이77777777,2025-01-09T09:48:59+09:00,"기업에 비해 주가가 너무 낮은거 아닌지

그냥 묵혀둡니다 ㅅㄱ요"
낙수공암,2025-01-09T09:48:26+09:00,"치아라 정난치나!삼성이 최고
기업이다,엔비디아 장난치지마라
삼성 한데 흡수된다."
오지마깡,2025-01-09T09:47:56+09:00,개미좀 털었으면 달릴때가 다가오는구나~
양치기앙마,2025-01-09T09:46:07+09:00,감사
부자왕이야,2025-01-09T09:46:04+09:00,장투생각하면 최저가인거 맞잖아? 왜들그러나
또또맘haha,2025-01-09T09:46:02+09:00,"빨간불 좋은말할때 나와라
아줌마 화났다 ㅎㅎㅎ"
다정한관찰자,2025-01-09T09:46:00+09:00,왜 또 내려온데유
빅파써블,2025-01-09T09:45:01+09:00,삼전이 나스닥을 버틸것인가
승리의V,2025-01-09T09:44:54+09:00,"ㅋㅋㅋ솔직히 살만한데 사기싫다 ㅋㅋ
내가 한국인만 아니였어도 쳐다도안볼텐데 ㅋㅋㅋㅋ.."
오지마깡,2025-01-09T09:47:56+09:00,개미좀 털었으면 달릴때가 다가오는구나~
양치기앙마,2025-01-09T09:46:07+09:00,감사
부자왕이야,2025-01-09T09:46:04+09:00,장투생각하면 최저가인거 맞잖아? 왜들그러나
또또맘haha,2025-01-09T09:46:02+09:00,"빨간불 좋은말할때 나와라
아줌마 화났다 ㅎㅎㅎ"
다정한관찰자,2025-01-09T09:46:00+09:00,왜 또 내려온데유
빅파써블,2025-01-09T09:45:01+09:00,삼전이 나스닥을 버틸것인가
승리의V,2025-01-09T09:44:54+09:00,"ㅋㅋㅋ솔직히 살만한데 사기싫다 ㅋㅋ
내가 한국인만 아니였어도 쳐다도안볼텐데 ㅋㅋㅋㅋ.."
여기가맛집이라고들었습니다만,2025-01-09T09:44:54+09:00,내다짐 외국인이사몀 사고 외국인이팔면 나도 판다
뿌니걸,2025-01-09T09:44:50+09:00,왜~~~
부자왕이야,2025-01-09T09:44:37+09:00,으 개빡쳐
퓨뱌요,2025-01-09T09:44:16+09:00,? 엔비납품한다며
주리니입문,2025-01-09T09:43:37+09:00,"?ㅠㅠ
아 오늘도 고점에서 샀따"
세아유라아빠,2025-01-09T09:43:35+09:00,정찰중
서현진,2025-01-09T09:42:44+09:00,하이 닉스 인버스 레알인듯 ㅠㅠ
위미8,2025-01-09T09:41:18+09:00,아이폰샀습니다
뿌니걸,2025-01-09T09:44:50+09:00,왜~~~
부자왕이야,2025-01-09T09:44:37+09:00,으 개빡쳐
퓨뱌요,2025-01-09T09:44:16+09:00,? 엔비납품한다며
주리니입문,2025-01-09T09:43:37+09:00,"?ㅠㅠ
아 오늘도 고점에서 샀따"
세아유라아빠,2025-01-09T09:43:35+09:00,정찰중
서현진,2025-01-09T09:42:44+09:00,하이 닉스 인버스 레알인듯 ㅠㅠ
위미8,2025-01-09T09:41:18+09:00,아이폰샀습니다
포도님이라규,2025-01-09T09:40:30+09:00,이러지마ㅠ 들어오자마자 ㅠ
힝구아비,2025-01-09T09:40:03+09:00,빨리 탈출해야지 돔황처
맞춤법틀리는멍청이보면짖는개,2025-01-09T09:39:48+09:00,"멍청이는 54200원에 손절친 삼성전자에 또 속으러 왔습니다
오늘부터 또 모으겠습니다"
보름낮달,2025-01-09T09:38:49+09:00,사팔 반복하다 2000원이나 올랐다.. 그냥 물리더라도 묻어놓고 없는돈이라 생각할게..
리트리버1010,2025-01-09T09:37:28+09:00,외인들이 사는데도 하도 물린 사람 많아서 개인이 겁나 팔아제끼네ㅋㅋㅋㅋㅋㅋㅋㅋ
투자대회참가자26686,2025-01-09T09:37:03+09:00,오늘 폭락장 되겠군
위미8,2025-01-09T09:41:18+09:00,아이폰샀습니다
포도님이라규,2025-01-09T09:40:30+09:00,이러지마ㅠ 들어오자마자 ㅠ
힝구아비,2025-01-09T09:40:03+09:00,빨리 탈출해야지 돔황처
맞춤법틀리는멍청이보면짖는개,2025-01-09T09:39:48+09:00,"멍청이는 54200원에 손절친 삼성전자에 또 속으러 왔습니다
오늘부터 또 모으겠습니다"
보름낮달,2025-01-09T09:38:49+09:00,사팔 반복하다 2000원이나 올랐다.. 그냥 물리더라도 묻어놓고 없는돈이라 생각할게..
리트리버1010,2025-01-09T09:37:28+09:00,외인들이 사는데도 하도 물린 사람 많아서 개인이 겁나 팔아제끼네ㅋㅋㅋㅋㅋㅋㅋㅋ
투자대회참가자26686,2025-01-09T09:37:03+09:00,오늘 폭락장 되겠군
붱붱이,2025-01-09T09:36:53+09:00,가자
까근까근,2025-01-09T09:35:33+09:00,삼성전자 진입
이응교,2025-01-09T09:35:14+09:00,"삼성이 드뎌 해냈구먼
삼성이 엔비디어 초도공급"
성스러운투자,2025-01-09T09:34:35+09:00,앞으로 한해동안의 삼전의 미래를 예측해봐요
법인계좌로투자,2025-01-09T09:34:24+09:00,"hbm 수출 할거라는 믿음!
탈출 얼음!
나는 이 상승을 경험해 봤어요!
9만원!"
포천김갱,2025-01-09T09:33:56+09:00,https://n.news.naver.com/article/057/0001865550
투자대회참가자26686,2025-01-09T09:37:03+09:00,오늘 폭락장 되겠군
붱붱이,2025-01-09T09:36:53+09:00,가자
까근까근,2025-01-09T09:35:33+09:00,삼성전자 진입
이응교,2025-01-09T09:35:14+09:00,"삼성이 드뎌 해냈구먼
삼성이 엔비디어 초도공급"
성스러운투자,2025-01-09T09:34:35+09:00,앞으로 한해동안의 삼전의 미래를 예측해봐요
법인계좌로투자,2025-01-09T09:34:24+09:00,"hbm 수출 할거라는 믿음!
탈출 얼음!
나는 이 상승을 경험해 봤어요!
9만원!"
포천김갱,2025-01-09T09:33:56+09:00,https://n.news.naver.com/article/057/0001865550
Society,2025-01-09T09:32:46+09:00,지금이라도 진입해서 여기 묵혀둘까요? 아니면 그냥 미국 SPY ETF 들어가서 묵혀둘까요?
특징주알리미,2025-01-09T09:32:35+09:00,"삼성전자 소식을 가져왔어요.

8일 오전 9시 19분 현재 삼성전자는 전 거래일 대비 1.08% 오른 5만6000원에 거래되고 있다.

👇 토스증권에서 기사 보기


앞으로 의 주가는?"
와카야마라멘,2025-01-09T09:31:52+09:00,외인들은 사는데 누가 범인이야. 한국인인데 삼전 파는 매국노 없제?????
이응교,2025-01-09T09:35:14+09:00,"삼성이 드뎌 해냈구먼
삼성이 엔비디어 초도공급"
성스러운투자,2025-01-09T09:34:35+09:00,앞으로 한해동안의 삼전의 미래를 예측해봐요
법인계좌로투자,2025-01-09T09:34:24+09:00,"hbm 수출 할거라는 믿음!
탈출 얼음!
나는 이 상승을 경험해 봤어요!
9만원!"
포천김갱,2025-01-09T09:33:56+09:00,https://n.news.naver.com/article/057/0001865550
Society,2025-01-09T09:32:46+09:00,지금이라도 진입해서 여기 묵혀둘까요? 아니면 그냥 미국 SPY ETF 들어가서 묵혀둘까요?
특징주알리미,2025-01-09T09:32:35+09:00,"삼성전자 소식을 가져왔어요.

8일 오전 9시 19분 현재 삼성전자는 전 거래일 대비 1.08% 오른 5만6000원에 거래되고 있다.

👇 토스증권에서 기사 보기


앞으로 의 주가는?"
와카야마라멘,2025-01-09T09:31:52+09:00,외인들은 사는데 누가 범인이야. 한국인인데 삼전 파는 매국노 없제?????
이응교,2025-01-09T09:31:51+09:00,"젠슨황 ""RTX50GDDR7,삼성이 초도공급"""
하하하하33,2025-01-09T09:30:45+09:00,오늘도 외인이 애국?
약속의장소,2025-01-09T09:30:37+09:00,돌고돌아 다시 또 돌아왔어
솔소소,2025-01-09T09:30:17+09:00,아직멀었어ㅠ
포비김,2025-01-09T09:29:41+09:00,이제 겨우 PBR에 도달했네요.. 힘내세요
특징주알리미,2025-01-09T09:32:35+09:00,"삼성전자 소식을 가져왔어요.

8일 오전 9시 19분 현재 삼성전자는 전 거래일 대비 1.08% 오른 5만6000원에 거래되고 있다.

👇 토스증권에서 기사 보기


앞으로 의 주가는?"
와카야마라멘,2025-01-09T09:31:52+09:00,외인들은 사는데 누가 범인이야. 한국인인데 삼전 파는 매국노 없제?????
이응교,2025-01-09T09:31:51+09:00,"젠슨황 ""RTX50GDDR7,삼성이 초도공급"""
하하하하33,2025-01-09T09:30:45+09:00,오늘도 외인이 애국?
약속의장소,2025-01-09T09:30:37+09:00,돌고돌아 다시 또 돌아왔어
솔소소,2025-01-09T09:30:17+09:00,아직멀었어ㅠ
포비김,2025-01-09T09:29:41+09:00,이제 겨우 PBR에 도달했네요.. 힘내세요
경제신,2025-01-09T09:29:31+09:00,냠냠
천문가,2025-01-09T09:29:30+09:00,치킨 먹자 오늘
불꽃남자자,2025-01-09T09:27:47+09:00,치킨 시켜먹을게요
주식쩐,2025-01-09T09:27:41+09:00,얼른 7만 가즈아~
야옹이가주식함,2025-01-09T09:27:37+09:00,삼전이 10만까지 날아오르길
솔소소,2025-01-09T09:30:17+09:00,아직멀었어ㅠ
포비김,2025-01-09T09:29:41+09:00,이제 겨우 PBR에 도달했네요.. 힘내세요
경제신,2025-01-09T09:29:31+09:00,냠냠
천문가,2025-01-09T09:29:30+09:00,치킨 먹자 오늘
불꽃남자자,2025-01-09T09:27:47+09:00,치킨 시켜먹을게요
주식쩐,2025-01-09T09:27:41+09:00,얼른 7만 가즈아~
야옹이가주식함,2025-01-09T09:27:37+09:00,삼전이 10만까지 날아오르길
핑크쏘세지,2025-01-09T09:27:31+09:00,"제이피모건
Clsa
메릴린치
매수 굿"
캔들마법사,2025-01-09T09:26:54+09:00,"그래도
반등을 시작하니 한결 마음이 놓입니다.
삼성전자 응원합시다 ~~ 아자아자~~"
구관이,2025-01-09T09:26:43+09:00,가는건가요?
개브럴티,2025-01-09T09:26:40+09:00,애들아 물리면 알지 ㅋㅋ황사장이 hbm도 아니고 gpu란다..ㅋㅋ
뿌니걸,2025-01-09T09:26:15+09:00,오늘 59까지?
차베베,2025-01-09T09:25:23+09:00,근데 5만원일때 안사던 사람들이 지금 산다고??
주식쩐,2025-01-09T09:27:41+09:00,얼른 7만 가즈아~
야옹이가주식함,2025-01-09T09:27:37+09:00,삼전이 10만까지 날아오르길
핑크쏘세지,2025-01-09T09:27:31+09:00,"제이피모건
Clsa
메릴린치
매수 굿"
캔들마법사,2025-01-09T09:26:54+09:00,"그래도
반등을 시작하니 한결 마음이 놓입니다.
삼성전자 응원합시다 ~~ 아자아자~~"
구관이,2025-01-09T09:26:43+09:00,가는건가요?
개브럴티,2025-01-09T09:26:40+09:00,애들아 물리면 알지 ㅋㅋ황사장이 hbm도 아니고 gpu란다..ㅋㅋ
뿌니걸,2025-01-09T09:26:15+09:00,오늘 59까지?
차베베,2025-01-09T09:25:23+09:00,근데 5만원일때 안사던 사람들이 지금 산다고??
미장으로외화벌이,2025-01-09T09:24:47+09:00,국장분위기가 좋아지네? 전에는 미장 폭등할때 찔끔오르고 미장 떨어지면 폭락하더니 이제 미장인버스된건가?
김치전감자전삼전,2025-01-09T09:24:37+09:00,개메 털고 상승
HDD,2025-01-09T09:23:23+09:00,젠슨황 CES이후로 뭔가 분위기가 달라졌는데?
리차드DG,2025-01-09T09:23:21+09:00,"개인들 물려있는 물량이 3억주 입니다...
3억주
아직 한참을 더 털어야 갈 수 있어요"
도파민으로경제적자유,2025-01-09T09:22:41+09:00,미장하면서 국장욕 많이 했는데.. 주주분들 화이팅입니다. 황사장 립서비스 굳
뿌니걸,2025-01-09T09:26:15+09:00,오늘 59까지?
차베베,2025-01-09T09:25:23+09:00,근데 5만원일때 안사던 사람들이 지금 산다고??
미장으로외화벌이,2025-01-09T09:24:47+09:00,국장분위기가 좋아지네? 전에는 미장 폭등할때 찔끔오르고 미장 떨어지면 폭락하더니 이제 미장인버스된건가?
김치전감자전삼전,2025-01-09T09:24:37+09:00,개메 털고 상승
HDD,2025-01-09T09:23:23+09:00,젠슨황 CES이후로 뭔가 분위기가 달라졌는데?
리차드DG,2025-01-09T09:23:21+09:00,"개인들 물려있는 물량이 3억주 입니다...
3억주
아직 한참을 더 털어야 갈 수 있어요"
도파민으로경제적자유,2025-01-09T09:22:41+09:00,미장하면서 국장욕 많이 했는데.. 주주분들 화이팅입니다. 황사장 립서비스 굳
서현진,2025-01-09T09:21:36+09:00,가자 가자
주린이정현,2025-01-09T09:21:21+09:00,가주어
0do2,2025-01-09T09:20:30+09:00,개인들 호재에 파는겨?
한반도의맥,2025-01-09T09:20:19+09:00,"한번 500만주씩 들어오면

10일이상은 꾸준히 들어옵니다."
PEEDA,2025-01-09T09:20:09+09:00,아직 평단이 하늘위에 있으니 오르든 말든... ㅠㅜ
밤양걩,2025-01-09T09:20:05+09:00,물탄금액 회수
사이봇,2025-01-09T09:19:38+09:00,손절했다가 다시 들어오게되는..
서현진,2025-01-09T09:21:36+09:00,가자 가자
주린이정현,2025-01-09T09:21:21+09:00,가주어
0do2,2025-01-09T09:20:30+09:00,개인들 호재에 파는겨?
한반도의맥,2025-01-09T09:20:19+09:00,"한번 500만주씩 들어오면

10일이상은 꾸준히 들어옵니다."
PEEDA,2025-01-09T09:20:09+09:00,아직 평단이 하늘위에 있으니 오르든 말든... ㅠㅜ
밤양걩,2025-01-09T09:20:05+09:00,물탄금액 회수
사이봇,2025-01-09T09:19:38+09:00,손절했다가 다시 들어오게되는..
KDJJ,2025-01-09T09:19:25+09:00,국장은 호재가 먹히질않네요.미장같았으면 폭등감인데.ㅠㅠ
하힝히,2025-01-09T09:18:30+09:00,6만오면 탈출할려고했는데 6만5천까진봐야하나?
차돌박이숙주볶음이,2025-01-09T09:18:19+09:00,하루라도 먼저 빠지는 사람이 승자
성스러운투자,2025-01-09T09:17:13+09:00,오늘 호재다
SeP9,2025-01-09T09:16:58+09:00,기아 날라가니 여기도 맛만보자
해병대사나이,2025-01-09T09:16:36+09:00,젠슨황이 샤라웃해줬으니 5%는 올라줘야지 !!
밤양걩,2025-01-09T09:20:05+09:00,물탄금액 회수
사이봇,2025-01-09T09:19:38+09:00,손절했다가 다시 들어오게되는..
KDJJ,2025-01-09T09:19:25+09:00,국장은 호재가 먹히질않네요.미장같았으면 폭등감인데.ㅠㅠ
하힝히,2025-01-09T09:18:30+09:00,6만오면 탈출할려고했는데 6만5천까진봐야하나?
차돌박이숙주볶음이,2025-01-09T09:18:19+09:00,하루라도 먼저 빠지는 사람이 승자
성스러운투자,2025-01-09T09:17:13+09:00,오늘 호재다
SeP9,2025-01-09T09:16:58+09:00,기아 날라가니 여기도 맛만보자
해병대사나이,2025-01-09T09:16:36+09:00,젠슨황이 샤라웃해줬으니 5%는 올라줘야지 !!
와카야마라멘,2025-01-09T09:16:20+09:00,하이닉스는 날아가는데 넌 왜…?
지구마불세계여행,2025-01-09T09:16:08+09:00,엔비디아에 메모리 납품 확정!!!
내가인간지표,2025-01-09T09:15:02+09:00,외인들 이렇게 들어오는데 개미들 물량 다 잡아먹고 올라가즈아~~
곰돌이우,2025-01-09T09:14:20+09:00,"'실언' 정정한 젠슨 황 ""RTX 50에 삼성 메모리 쓴다"" 마이크론x 삼성o
https://tossinvest.com/_ul/D4A9sD"
Ch헌,2025-01-09T09:13:58+09:00,7은 언제오나~~~
SeP9,2025-01-09T09:16:58+09:00,기아 날라가니 여기도 맛만보자
해병대사나이,2025-01-09T09:16:36+09:00,젠슨황이 샤라웃해줬으니 5%는 올라줘야지 !!
와카야마라멘,2025-01-09T09:16:20+09:00,하이닉스는 날아가는데 넌 왜…?
지구마불세계여행,2025-01-09T09:16:08+09:00,엔비디아에 메모리 납품 확정!!!
내가인간지표,2025-01-09T09:15:02+09:00,외인들 이렇게 들어오는데 개미들 물량 다 잡아먹고 올라가즈아~~
곰돌이우,2025-01-09T09:14:20+09:00,"'실언' 정정한 젠슨 황 ""RTX 50에 삼성 메모리 쓴다"" 마이크론x 삼성o
https://tossinvest.com/_ul/D4A9sD"
Ch헌,2025-01-09T09:13:58+09:00,7은 언제오나~~~
곰돌이우,2025-01-09T09:13:02+09:00,"젠슨 황 엔비디아 CEO ""차세대 PC용 GPU, 삼성전자 메모리도 탑재""
https://tossinvest.com/_ul/D4A9iD"
덕배님,2025-01-09T09:12:17+09:00,기사떳음
힝구아비,2025-01-09T09:12:14+09:00,떨어진다 ㅋ
하힝히,2025-01-09T09:11:37+09:00,외인 연속매수는 오랜만에봐서 신기하네
주린22221,2025-01-09T09:10:53+09:00,개미들 다 털고 가자!
곰돌이우,2025-01-09T09:14:20+09:00,"'실언' 정정한 젠슨 황 ""RTX 50에 삼성 메모리 쓴다"" 마이크론x 삼성o
https://tossinvest.com/_ul/D4A9sD"
Ch헌,2025-01-09T09:13:58+09:00,7은 언제오나~~~
곰돌이우,2025-01-09T09:13:02+09:00,"젠슨 황 엔비디아 CEO ""차세대 PC용 GPU, 삼성전자 메모리도 탑재""
https://tossinvest.com/_ul/D4A9iD"
덕배님,2025-01-09T09:12:17+09:00,기사떳음
힝구아비,2025-01-09T09:12:14+09:00,떨어진다 ㅋ
하힝히,2025-01-09T09:11:37+09:00,외인 연속매수는 오랜만에봐서 신기하네
주린22221,2025-01-09T09:10:53+09:00,개미들 다 털고 가자!
일용직할양식,2025-01-09T09:10:16+09:00,6만부터 횡보
짤랑이123,2025-01-09T09:09:54+09:00,어제 장초에도 이러더니 개미 많이 빠졌음 좋겠다 시끄럽기만함
가즈아떡상코인,2025-01-09T09:09:37+09:00,줄때먹고 삼성은 횡보하다가 올라갈듯
밧줄가즈아,2025-01-09T09:09:22+09:00,왜 떨어지냐 얘는
야고신,2025-01-09T09:08:52+09:00,"삼전
분골쇄신 하라는 의미로 ᆢ
20주구매"
Analytics,2025-01-09T09:08:33+09:00,"근거는 환율 변동 이젠 좀 밴드형성 되었음
외인과 기관의 미장 리스크 관리 차,
삼전 같은 국장 저가 매수로 전략.. 끝.

P.S.
문제는 탈출 개미 구만. 어찌 말려. 아무도 못 말림.."
일용직할양식,2025-01-09T09:10:16+09:00,6만부터 횡보
짤랑이123,2025-01-09T09:09:54+09:00,어제 장초에도 이러더니 개미 많이 빠졌음 좋겠다 시끄럽기만함
가즈아떡상코인,2025-01-09T09:09:37+09:00,줄때먹고 삼성은 횡보하다가 올라갈듯
밧줄가즈아,2025-01-09T09:09:22+09:00,왜 떨어지냐 얘는
야고신,2025-01-09T09:08:52+09:00,"삼전
분골쇄신 하라는 의미로 ᆢ
20주구매"
Analytics,2025-01-09T09:08:33+09:00,"근거는 환율 변동 이젠 좀 밴드형성 되었음
외인과 기관의 미장 리스크 관리 차,
삼전 같은 국장 저가 매수로 전략.. 끝.

P.S.
문제는 탈출 개미 구만. 어찌 말려. 아무도 못 말림.."
수민93,2025-01-09T09:08:26+09:00,이러니 개미들은 수익을 못내는 거야
김치전감자전삼전,2025-01-09T09:08:24+09:00,"추매 300주
평단 5.4"
주넌유령,2025-01-09T09:07:35+09:00,8주 더 구매
추리알,2025-01-09T09:07:04+09:00,언급이 된다면 오른다고 들었습니다
이긔야,2025-01-09T09:06:29+09:00,시총 1위의 위엄 콱씨
리차드DG,2025-01-09T09:06:18+09:00,5.7 매물대 터는 중
야고신,2025-01-09T09:08:52+09:00,"삼전
분골쇄신 하라는 의미로 ᆢ
20주구매"
Analytics,2025-01-09T09:08:33+09:00,"근거는 환율 변동 이젠 좀 밴드형성 되었음
외인과 기관의 미장 리스크 관리 차,
삼전 같은 국장 저가 매수로 전략.. 끝.

P.S.
문제는 탈출 개미 구만. 어찌 말려. 아무도 못 말림.."
수민93,2025-01-09T09:08:26+09:00,이러니 개미들은 수익을 못내는 거야
김치전감자전삼전,2025-01-09T09:08:24+09:00,"추매 300주
평단 5.4"
주넌유령,2025-01-09T09:07:35+09:00,8주 더 구매
추리알,2025-01-09T09:07:04+09:00,언급이 된다면 오른다고 들었습니다
이긔야,2025-01-09T09:06:29+09:00,시총 1위의 위엄 콱씨
리차드DG,2025-01-09T09:06:18+09:00,5.7 매물대 터는 중
ORuby,2025-01-09T09:05:59+09:00,국장은 악재가 있으면 오르나요!!
바트매수법,2025-01-09T09:05:52+09:00,이게 시총1위?
김치전감자전삼전,2025-01-09T09:05:47+09:00,"개인 매도
외인 매수중
개미털기 굿"
흔해빠진주린이,2025-01-09T09:05:47+09:00,님과 나의 생각대로라면 이미 쮹! 하고 올라갔죠 그죠? 하지만 현실은.. ㅎㅎ 역시 우린 주싁하면 안되나 봅니다
VOOVOO젤라,2025-01-09T09:05:27+09:00,내렸다가 팡 올리려는 세력의 호가창 손질입니다
게으른투자자i,2025-01-09T09:05:12+09:00,기이한 종목
리차드DG,2025-01-09T09:06:18+09:00,5.7 매물대 터는 중
ORuby,2025-01-09T09:05:59+09:00,국장은 악재가 있으면 오르나요!!
바트매수법,2025-01-09T09:05:52+09:00,이게 시총1위?
김치전감자전삼전,2025-01-09T09:05:47+09:00,"개인 매도
외인 매수중
개미털기 굿"
흔해빠진주린이,2025-01-09T09:05:47+09:00,님과 나의 생각대로라면 이미 쮹! 하고 올라갔죠 그죠? 하지만 현실은.. ㅎㅎ 역시 우린 주싁하면 안되나 봅니다
VOOVOO젤라,2025-01-09T09:05:27+09:00,내렸다가 팡 올리려는 세력의 호가창 손질입니다
게으른투자자i,2025-01-09T09:05:12+09:00,기이한 종목
냥형사,2025-01-09T09:05:09+09:00,ㅋㅋㅋ이해가안가는데
풍류나그네,2025-01-09T09:05:08+09:00,이미 호재반영ㅋㅋㅋ
대한민지,2025-01-09T09:04:53+09:00,미주휴무니 오르겠지? ㅎㅎ
Han1987,2025-01-09T09:04:51+09:00,삼성공급인데 왜떨어지는겨
부자왕이야,2025-01-09T09:04:28+09:00,왜 떨구짘ㅋㅋ
수익좀내자1,2025-01-09T09:04:25+09:00,역시 ㅋㅋ 내 생각대로는 아무것도 안됨ㅋㅋㅋㅋㅋ
도달지,2025-01-09T09:03:56+09:00,ㅋㅋ
냥형사,2025-01-09T09:05:09+09:00,ㅋㅋㅋ이해가안가는데
풍류나그네,2025-01-09T09:05:08+09:00,이미 호재반영ㅋㅋㅋ
대한민지,2025-01-09T09:04:53+09:00,미주휴무니 오르겠지? ㅎㅎ
Han1987,2025-01-09T09:04:51+09:00,삼성공급인데 왜떨어지는겨
부자왕이야,2025-01-09T09:04:28+09:00,왜 떨구짘ㅋㅋ
수익좀내자1,2025-01-09T09:04:25+09:00,역시 ㅋㅋ 내 생각대로는 아무것도 안됨ㅋㅋㅋㅋㅋ
도달지,2025-01-09T09:03:56+09:00,ㅋㅋ
칭빙방붕,2025-01-09T09:03:24+09:00,어제요
리차드DG,2025-01-09T09:03:12+09:00,오늘은 닉스 날이네
불로소득좋아,2025-01-09T09:02:56+09:00,미지근하네
구미장수말발,2025-01-09T09:02:46+09:00,나가실려고 하는 님들 우리 다같이 진득하게 붙어 있다 크게 한 방에 나갑시다! 제발!!!!
꼬챠미남,2025-01-09T09:02:40+09:00,달려
손대면최고점,2025-01-09T09:02:30+09:00,https://n.news.naver.com/mnews/article/011/0004437531?sid=105
의왕불량주부,2025-01-09T09:02:29+09:00,외인 들어오네요~
칭빙방붕,2025-01-09T09:03:24+09:00,어제요
리차드DG,2025-01-09T09:03:12+09:00,오늘은 닉스 날이네
불로소득좋아,2025-01-09T09:02:56+09:00,미지근하네
구미장수말발,2025-01-09T09:02:46+09:00,나가실려고 하는 님들 우리 다같이 진득하게 붙어 있다 크게 한 방에 나갑시다! 제발!!!!
꼬챠미남,2025-01-09T09:02:40+09:00,달려
손대면최고점,2025-01-09T09:02:30+09:00,https://n.news.naver.com/mnews/article/011/0004437531?sid=105
의왕불량주부,2025-01-09T09:02:29+09:00,외인 들어오네요~
가져갈게불만없지,2025-01-09T09:02:24+09:00,저항받고 떨어지면 한 3천원정도 빠질듯 하지만 최근에 58000저항받고 떨어진거보면 저점다지기 하면서 올라가는 중 인 것 같은데 ㅇㅈ하시나요?
내려가지만,2025-01-09T09:02:12+09:00,엔비 뭍었는데 가야지
껄무새등판,2025-01-09T09:02:07+09:00,힘내ㅠ
알라요,2025-01-09T09:01:49+09:00,영..시원찮네
지구마불세계여행,2025-01-09T09:01:45+09:00,어제랑은 좀 다르네요..
밥줘미,2025-01-09T09:01:19+09:00,오늘 정차역은 58000?
가져갈게불만없지,2025-01-09T09:02:24+09:00,저항받고 떨어지면 한 3천원정도 빠질듯 하지만 최근에 58000저항받고 떨어진거보면 저점다지기 하면서 올라가는 중 인 것 같은데 ㅇㅈ하시나요?
내려가지만,2025-01-09T09:02:12+09:00,엔비 뭍었는데 가야지
껄무새등판,2025-01-09T09:02:07+09:00,힘내ㅠ
알라요,2025-01-09T09:01:49+09:00,영..시원찮네
지구마불세계여행,2025-01-09T09:01:45+09:00,어제랑은 좀 다르네요..
밥줘미,2025-01-09T09:01:19+09:00,오늘 정차역은 58000?
머니크,2025-01-09T09:01:07+09:00,고고~~
DevChimsil,2025-01-09T09:00:57+09:00,제발 6만전자 가자
얌얌쓰33,2025-01-09T09:00:28+09:00,문열어!!
쭈린이0123,2025-01-09T08:59:30+09:00,호가창 ㄹㅈㄷ
주린난장이,2025-01-09T08:59:25+09:00,시원하게 앞자리한번 바뀌자
VOOVOO젤라,2025-01-09T08:59:00+09:00,올렸다가 눌림목 나올때 들어갈게용 삼성 주주분들 화이팅!
리드엘,2025-01-09T08:58:18+09:00,6만원 찍먹하나요?
오늘도기쁜하루,2025-01-09T08:58:03+09:00,"황씨 아저씨 말 한마디에 흔들리는 내 마음이 참 불편했어요...
예전에 확 치솟아서 좋아했던 마음도 생각나고..
어제도 또 좋은말을 구걸하는 듯한 제 마음이 싫더군여...
삼성은 자신의 갈길을 묵묵히 걸을 테니까!!!
감사한마음이 생겼어요
여러분 감사합니다"
DevChimsil,2025-01-09T09:00:57+09:00,제발 6만전자 가자
얌얌쓰33,2025-01-09T09:00:28+09:00,문열어!!
쭈린이0123,2025-01-09T08:59:30+09:00,호가창 ㄹㅈㄷ
주린난장이,2025-01-09T08:59:25+09:00,시원하게 앞자리한번 바뀌자
VOOVOO젤라,2025-01-09T08:59:00+09:00,올렸다가 눌림목 나올때 들어갈게용 삼성 주주분들 화이팅!
리드엘,2025-01-09T08:58:18+09:00,6만원 찍먹하나요?
오늘도기쁜하루,2025-01-09T08:58:03+09:00,"황씨 아저씨 말 한마디에 흔들리는 내 마음이 참 불편했어요...
예전에 확 치솟아서 좋아했던 마음도 생각나고..
어제도 또 좋은말을 구걸하는 듯한 제 마음이 싫더군여...
삼성은 자신의 갈길을 묵묵히 걸을 테니까!!!
감사한마음이 생겼어요
여러분 감사합니다"
주넌유령,2025-01-09T08:57:34+09:00,가는 거야!
하힝히,2025-01-09T08:56:20+09:00,초반에 좀 떨어지다가 올라갈거같은데 이놈은 첨부터 올리면 나중에 떨어지더라
먹어보자투자맨,2025-01-09T08:55:17+09:00,삼성도 젠슨황이 깠는데 그떡없네 오히려오름
나현우,2025-01-09T08:54:06+09:00,인간 지표 떡상직전 팔아 오열중
오늘도기쁜하루,2025-01-09T08:54:05+09:00,"오늘 상 칠꺼같은....
이 느낌은 뭘까??"
젠틀젠틀맨,2025-01-09T08:53:36+09:00,오늘폭락할듯...어제 미장이 박살났음
